{"type":"FeatureCollection","features":[{"type":"Feature","properties":{},"geometry":{"type":"LineString","coordinates":[[47.978,7.997],[48.127,8.222],[48.273,8.443],[48.429,8.68],[48.617,8.965],[48.794,9.233],[48.938,9.452],[48.938,9.564],[48.938,9.808],[48.938,9.973],[48.938,10.433],[48.938,10.714],[48.938,10.982],[48.939,11.258]]}},{"type":"Feature","properties":{},"geometry":{"type":"LineString","coordinates":[[47.978,7.997],[47.732,7.759],[47.453,7.49],[47.16,7.208],[46.971,7.026],[46.672,6.737],[46.423,6.497],[46.167,6.235],[45.935,5.997],[45.634,5.668],[45.438,5.455],[45.133,5.122],[45.021,5.0]]}},{"type":"Feature","properties":{},"geometry":{"type":"LineString","coordinates":[[34.245,31.208],[34.348,31.293],[34.35,31.363],[34.526,31.526],[34.524,31.542],[34.477,31.585]]}},{"type":"Feature","properties":{},"geometry":{"type":"LineString","coordinates":[[35.551,32.396],[35.484,32.402],[35.403,32.451],[35.387,32.493],[35.362,32.507],[35.304,32.513],[35.193,32.534],[35.065,32.46],[35.011,32.338],[34.999,32.281],[34.956,32.161],[34.971,32.087],[34.979,31.992],[34.99,31.913],[34.978,31.866],[34.954,31.841],[34.961,31.823],[34.983,31.817],[35.053,31.838],[35.127,31.817],[35.198,31.776],[35.204,31.75],[35.153,31.734],[35.035,31.673],[34.951,31.602],[34.929,31.537],[34.873,31.397],[34.88,31.368],[34.908,31.351],[35.101,31.366],[35.277,31.423],[35.409,31.483],[35.451,31.479]]}},{"type":"Feature","properties":{},"geometry":{"type":"LineString","coordinates":[[35.109,33.084],[35.223,33.092],[35.309,33.08],[35.411,33.076],[35.493,33.12],[35.533,33.25],[35.579,33.271],[35.603,33.241]]}},{"type":"Feature","properties":{},"geometry":{"type":"LineString","coordinates":[[35.787,32.735],[35.833,32.82],[35.842,32.876],[35.888,32.944],[35.859,32.989],[35.845,33.085],[35.825,33.108],[35.817,33.133],[35.833,33.164],[35.827,33.195],[35.809,33.209],[35.8,33.256],[35.785,33.291],[35.793,33.334],[35.816,33.362],[35.841,33.416]]}},{"type":"Feature","properties":{},"geometry":{"type":"LineString","coordinates":[[34.004,35.065],[33.966,35.057],[33.903,35.085],[33.866,35.094],[33.832,35.067],[33.792,35.048],[33.757,35.04],[33.726,35.037],[33.675,35.018],[33.614,35.023],[33.526,35.039],[33.476,35.0],[33.464,35.005],[33.456,35.101],[33.424,35.141],[33.384,35.163],[33.326,35.154],[33.248,35.157],[33.191,35.173],[33.077,35.146],[32.986,35.116],[32.92,35.088],[32.869,35.089],[32.784,35.116],[32.72,35.145],[32.713,35.171]]}},{"type":"Feature","properties":{},"geometry":{"type":"LineString","coordinates":[[-8.683,27.656],[-8.818,27.656],[-8.814,27.614],[-8.785,27.531],[-8.774,27.461],[-8.789,27.417],[-8.803,27.361],[-8.797,27.308],[-8.774,27.251],[-8.754,27.191],[-8.754,27.151],[-8.795,27.121],[-8.889,27.104],[-9.002,27.09],[-9.084,27.09],[-9.208,27.1],[-9.286,27.098],[-9.353,27.098],[-9.413,27.088],[-9.487,27.05],[-9.57,26.991],[-9.673,26.911],[-9.735,26.861],[-9.818,26.85],[-9.9,26.85],[-9.981,26.89],[-10.033,26.911],[-10.067,26.909],[-10.123,26.88],[-10.189,26.861],[-10.251,26.861],[-10.355,26.901],[-10.479,26.961],[-10.551,26.991],[-10.654,27.001],[-10.758,27.02],[-10.83,27.01],[-10.923,27.01],[-11.047,26.97],[-11.15,26.941],[-11.264,26.911],[-11.393,26.883],[-11.361,26.794],[-11.317,26.745],[-11.317,26.684],[-11.338,26.633],[-11.4,26.584],[-11.471,26.52],[-11.512,26.47],[-11.553,26.401],[-11.584,26.361],[-11.637,26.296],[-11.685,26.213],[-11.699,26.163],[-11.718,26.104],[-11.755,26.087],[-11.881,26.071],[-11.961,26.05],[-12.031,26.031],[-12.057,25.996],[-12.061,25.991],[-12.081,25.92],[-12.081,25.871],[-12.101,25.831],[-12.131,25.731],[-12.171,25.64],[-12.201,25.52],[-12.231,25.421],[-12.271,25.26],[-12.311,25.111],[-12.361,24.97],[-12.401,24.88],[-12.431,24.831],[-12.501,24.77],[-12.561,24.731],[-12.631,24.68],[-12.711,24.63],[-12.821,24.571],[-12.911,24.52],[-12.948,24.497],[-12.991,24.47],[-13.061,24.401],[-13.121,24.3],[-13.161,24.22],[-13.231,24.09],[-13.281,24.02],[-13.311,23.981],[-13.391,23.941],[-13.481,23.911],[-13.581,23.871],[-13.661,23.831],[-13.771,23.791],[-13.841,23.751],[-13.891,23.691],[-13.931,23.621],[-13.981,23.52],[-14.021,23.411],[-14.041,23.34],[-14.101,23.1],[-14.121,22.961],[-14.141,22.871],[-14.171,22.76],[-14.191,22.59],[-14.191,22.451],[-14.211,22.371],[-14.221,22.31],[-14.271,22.241],[-14.311,22.191],[-14.381,22.121],[-14.441,22.081],[-14.461,22.041],[-14.521,21.991],[-14.581,21.911],[-14.631,21.861],[-14.621,21.821],[-14.611,21.751],[-14.641,21.68],[-14.671,21.6],[-14.751,21.501],[-14.841,21.451],[-14.971,21.441],[-15.151,21.441],[-15.291,21.451],[-15.461,21.451],[-15.611,21.47],[-15.751,21.491],[-15.921,21.501],[-16.041,21.501],[-16.191,21.481],[-16.581,21.481],[-16.731,21.47],[-16.951,21.43],[-17.003,21.421]]}},{"type":"Feature","properties":{},"geometry":{"type":"LineString","coordinates":[[35.764,5.0],[35.779,5.106],[35.8,5.157],[35.788,5.208],[35.791,5.279],[35.745,5.344],[35.469,5.419],[35.424,5.413],[35.378,5.385],[35.325,5.365],[35.288,5.384],[35.265,5.412],[35.264,5.458],[35.268,5.492]]}},{"type":"Feature","properties":{},"geometry":{"type":"LineString","coordinates":[[23.605,51.518],[23.614,51.525],[23.609,51.61],[23.647,51.629],[23.707,51.641],[23.792,51.637],[23.864,51.624],[23.951,51.585],[23.978,51.591],[24.127,51.665],[24.28,51.775],[24.324,51.838],[24.362,51.868],[24.495,51.883],[24.611,51.89],[24.685,51.888],[24.866,51.899],[24.974,51.911],[25.067,51.931],[25.267,51.938],[25.58,51.925],[25.786,51.924],[25.925,51.914],[26.267,51.855],[26.394,51.844],[26.453,51.813],[26.567,51.802],[26.773,51.771],[26.953,51.754],[27.074,51.761],[27.142,51.752],[27.27,51.614],[27.296,51.597],[27.348,51.594],[27.452,51.606],[27.601,51.602],[27.69,51.572],[27.677,51.49],[27.7,51.478],[27.741,51.483],[27.789,51.529],[27.829,51.577],[27.859,51.592],[28.011,51.56],[28.08,51.565],[28.144,51.602],[28.184,51.608],[28.292,51.582],[28.425,51.564],[28.532,51.562],[28.599,51.543],[28.648,51.457],[28.69,51.439],[28.731,51.433],[28.793,51.51],[28.85,51.54],[28.928,51.562],[28.978,51.572],[29.013,51.599],[29.061,51.625],[29.102,51.628],[29.136,51.617],[29.174,51.581],[29.23,51.497],[29.299,51.413],[29.347,51.383],[29.47,51.408],[29.553,51.435],[29.706,51.44],[29.909,51.458],[30.064,51.482],[30.161,51.478],[30.22,51.451],[30.309,51.4],[30.333,51.326],[30.45,51.274],[30.545,51.265],[30.577,51.318],[30.633,51.355],[30.612,51.406],[30.602,51.471],[30.561,51.531],[30.533,51.596],[30.584,51.689],[30.64,51.77],[30.667,51.814],[30.755,51.895],[30.846,51.953],[30.981,52.046],[31.079,52.077],[31.168,52.063],[31.218,52.05],[31.346,52.105],[31.574,52.108],[31.763,52.101]]}},{"type":"Feature","properties":{},"geometry":{"type":"LineString","coordinates":[[35.841,33.416],[35.787,33.37],[35.734,33.333],[35.627,33.275],[35.603,33.241]]}},{"type":"Feature","properties":{},"geometry":{"type":"LineString","coordinates":[[35.841,33.416],[35.869,33.432],[35.915,33.465],[35.927,33.5],[35.968,33.535],[36.022,33.563],[36.034,33.585],[36.027,33.598],[35.972,33.623],[35.942,33.668],[35.968,33.732],[35.986,33.753],[36.019,33.784],[36.092,33.832],[36.15,33.839],[36.199,33.84],[36.283,33.836],[36.349,33.827],[36.365,33.839],[36.363,33.855],[36.282,33.894],[36.278,33.925],[36.298,33.959],[36.355,34.011],[36.423,34.05],[36.458,34.057],[36.535,34.134],[36.585,34.221],[36.504,34.432],[36.456,34.466],[36.376,34.495],[36.33,34.5],[36.326,34.513],[36.389,34.567],[36.433,34.613],[36.384,34.658],[36.296,34.679],[36.264,34.633],[36.151,34.629],[35.976,34.629]]}},{"type":"Feature","properties":{},"geometry":{"type":"LineString","coordinates":[[23.485,53.94],[23.559,53.92],[23.734,53.912],[23.873,53.936],[23.944,53.939],[24.008,53.932],[24.104,53.945],[24.191,53.95],[24.237,53.92],[24.318,53.893],[24.479,53.932],[24.621,53.98],[24.768,53.975],[24.789,53.998],[24.826,54.119],[24.87,54.145],[25.046,54.133],[25.111,54.155],[25.18,54.214],[25.284,54.251],[25.371,54.251],[25.461,54.293],[25.506,54.265],[25.527,54.215],[25.497,54.175],[25.51,54.16],[25.573,54.14],[25.681,54.14],[25.749,54.157],[25.765,54.18],[25.765,54.221],[25.748,54.26],[25.703,54.293],[25.617,54.31],[25.558,54.311],[25.547,54.332],[25.568,54.377],[25.62,54.46],[25.685,54.536],[25.725,54.564],[25.732,54.59],[25.724,54.636],[25.722,54.718],[25.781,54.833],[25.859,54.919],[25.964,54.947],[26.093,54.962],[26.169,55.0]]}},{"type":"Feature","properties":{},"geometry":{"type":"LineString","coordinates":[[13.815,48.767],[13.77,48.816],[13.685,48.877],[13.548,48.96],[13.441,48.956],[13.401,48.978],[13.384,49.008],[13.339,49.061],[13.289,49.097],[13.228,49.112],[13.141,49.158],[13.024,49.26],[12.917,49.33],[12.813,49.329],[12.748,49.366],[12.681,49.415],[12.632,49.461],[12.556,49.575],[12.5,49.64],[12.457,49.68],[12.408,49.713],[12.39,49.74],[12.45,49.8],[12.472,49.83],[12.498,49.853],[12.513,49.877],[12.512,49.896],[12.458,49.956],[12.384,49.999],[12.276,50.042],[12.208,50.098],[12.182,50.148],[12.175,50.176],[12.128,50.213],[12.09,50.269],[12.09,50.302],[12.099,50.311],[12.135,50.311],[12.175,50.288],[12.231,50.245],[12.277,50.181],[12.306,50.206],[12.359,50.273],[12.453,50.35],[12.549,50.393],[12.636,50.397],[12.706,50.409],[12.765,50.431],[12.868,50.422],[12.943,50.406],[12.967,50.416],[12.997,50.456],[13.016,50.49],[13.181,50.51],[13.238,50.577],[13.27,50.576],[13.306,50.586],[13.341,50.611],[13.375,50.622],[13.401,50.609],[13.436,50.601],[13.473,50.617],[13.527,50.693],[13.557,50.705],[13.701,50.716],[13.899,50.761],[13.998,50.801],[14.097,50.823],[14.202,50.861],[14.369,50.899],[14.377,50.914],[14.299,50.953],[14.273,50.977],[14.256,51.002],[14.283,51.029],[14.32,51.038],[14.367,51.026],[14.507,51.01],[14.546,50.994],[14.56,50.955],[14.595,50.919],[14.624,50.915],[14.614,50.856],[14.658,50.833],[14.723,50.815],[14.766,50.818],[14.797,50.842],[14.809,50.859]]}},{"type":"Feature","properties":{},"geometry":{"type":"LineString","coordinates":[[6.344,49.453],[6.348,49.513],[6.378,49.6],[6.407,49.645],[6.445,49.682],[6.485,49.708],[6.494,49.754],[6.487,49.798],[6.441,49.805],[6.325,49.838],[6.256,49.872],[6.205,49.915],[6.138,49.974],[6.11,50.034],[6.108,50.094],[6.117,50.121]]}},{"type":"Feature","properties":{},"geometry":{"type":"LineString","coordinates":[[2.525,51.097],[2.536,51.049],[2.575,50.989],[2.601,50.955],[2.579,50.912],[2.597,50.876],[2.669,50.811],[2.759,50.751],[2.84,50.712],[2.862,50.716],[2.922,50.727],[3.023,50.767],[3.107,50.779],[3.155,50.749],[3.182,50.732],[3.235,50.663],[3.25,50.591],[3.273,50.532],[3.316,50.507],[3.477,50.499],[3.595,50.477],[3.627,50.457],[3.667,50.325],[3.689,50.306],[3.719,50.322],[3.748,50.343],[3.789,50.347],[3.858,50.339],[3.95,50.336],[4.044,50.321],[4.175,50.246],[4.17,50.222],[4.144,50.178],[4.135,50.144],[4.158,50.13],[4.192,50.094],[4.184,50.053],[4.15,50.024],[4.137,50.0],[4.137,49.984],[4.149,49.972],[4.176,49.96],[4.369,49.945],[4.545,49.96],[4.656,50.002],[4.675,50.047],[4.707,50.097],[4.773,50.139],[4.819,50.153],[4.861,50.136],[4.79,49.96],[4.842,49.914],[4.849,49.847],[4.868,49.788],[4.931,49.789],[5.007,49.778],[5.061,49.757],[5.124,49.721],[5.215,49.689],[5.279,49.678],[5.302,49.651],[5.354,49.62],[5.435,49.554],[5.507,49.511],[5.542,49.511],[5.61,49.528],[5.71,49.539],[5.79,49.538]]}},{"type":"Feature","properties":{},"geometry":{"type":"LineString","coordinates":[[6.117,50.121],[6.11,50.124],[6.089,50.155],[6.055,50.154],[5.976,50.167],[5.867,50.083],[5.817,50.013],[5.788,49.961],[5.744,49.92],[5.735,49.876],[5.741,49.857],[5.726,49.833],[5.725,49.808],[5.788,49.759],[5.804,49.732],[5.88,49.645],[5.857,49.613],[5.838,49.578],[5.815,49.554],[5.79,49.538]]}},{"type":"Feature","properties":{},"geometry":{"type":"LineString","coordinates":[[46.43,41.891],[46.412,41.905],[46.268,41.96],[46.213,41.99],[46.16,41.992],[46.048,42.009],[45.954,42.035],[45.91,42.071],[45.846,42.11],[45.727,42.159],[45.639,42.205],[45.634,42.235],[45.688,42.357],[45.728,42.475],[45.705,42.498],[45.656,42.518],[45.563,42.536],[45.344,42.53],[45.208,42.648],[45.16,42.675],[45.072,42.694],[44.943,42.73],[44.871,42.756],[44.851,42.747],[44.771,42.617],[44.692,42.71],[44.644,42.735],[44.576,42.748],[44.506,42.749],[44.33,42.703],[44.2,42.654],[44.103,42.616],[44.005,42.596],[43.957,42.567],[43.826,42.572],[43.76,42.594],[43.738,42.617],[43.75,42.657],[43.795,42.703],[43.799,42.728],[43.783,42.747],[43.623,42.808],[43.558,42.844],[43.348,42.897],[43.089,42.989],[43.0,43.05],[42.992,43.091],[42.89,43.133],[42.761,43.17],[42.66,43.159],[42.566,43.155],[42.419,43.224],[42.28,43.228],[42.122,43.207],[42.088,43.199],[42.05,43.19],[41.581,43.219],[41.461,43.276],[41.358,43.333],[41.083,43.374],[40.942,43.418],[40.802,43.48],[40.648,43.534],[40.519,43.512],[40.342,43.543],[40.15,43.57],[40.085,43.553],[40.024,43.485],[39.978,43.42]]}},{"type":"Feature","properties":{},"geometry":{"type":"LineString","coordinates":[[20.964,40.85],[20.959,40.872],[20.933,40.903],[20.87,40.918],[20.741,40.905],[20.709,40.928],[20.656,41.062],[20.614,41.083],[20.568,41.128],[20.489,41.273],[20.487,41.336],[20.492,41.391],[20.449,41.521],[20.476,41.554],[20.516,41.575],[20.517,41.627],[20.505,41.706],[20.553,41.862],[20.566,41.874]]}},{"type":"Feature","properties":{},"geometry":{"type":"LineString","coordinates":[[20.566,41.874],[20.581,41.917],[20.575,42.013],[20.523,42.171],[20.485,42.223],[20.408,42.275],[20.348,42.309],[20.241,42.339],[20.186,42.426],[20.104,42.525],[20.064,42.547]]}},{"type":"Feature","properties":{},"geometry":{"type":"LineString","coordinates":[[41.51,41.517],[41.577,41.497],[41.702,41.472],[41.779,41.441],[41.824,41.432],[41.926,41.496],[42.078,41.494],[42.211,41.487],[42.28,41.475],[42.364,41.454],[42.466,41.44],[42.508,41.47],[42.567,41.559],[42.59,41.571],[42.607,41.579],[42.682,41.586],[42.754,41.579],[42.788,41.564],[42.822,41.492],[42.907,41.467],[43.057,41.353],[43.149,41.307],[43.171,41.288],[43.141,41.265],[43.153,41.236],[43.206,41.199],[43.279,41.185],[43.359,41.19],[43.402,41.177],[43.433,41.156],[43.442,41.126],[43.439,41.107]]}},{"type":"Feature","properties":{},"geometry":{"type":"LineString","coordinates":[[43.439,41.107],[43.492,41.116],[43.645,41.117],[43.793,41.131],[43.909,41.159],[44.077,41.182],[44.147,41.203],[44.227,41.213],[44.473,41.191],[44.565,41.208],[44.841,41.211],[44.849,41.22],[44.811,41.249],[44.811,41.259],[44.976,41.277],[45.001,41.291]]}},{"type":"Feature","properties":{},"geometry":{"type":"LineString","coordinates":[[8.51,55.0],[8.541,54.955],[8.595,54.916],[8.671,54.903],[8.857,54.901],[8.903,54.897],[9.186,54.845],[9.255,54.808],[9.342,54.806],[9.499,54.84],[9.616,54.855],[9.661,54.834],[9.725,54.826],[9.74,54.826]]}},{"type":"Feature","properties":{},"geometry":{"type":"LineString","coordinates":[[9.519,30.229],[9.638,30.282],[9.807,30.342],[9.895,30.387],[9.932,30.425],[10.06,30.58],[10.126,30.666],[10.216,30.783],[10.256,30.865],[10.257,30.941],[10.243,31.032],[10.173,31.251],[10.115,31.464],[10.16,31.546],[10.196,31.585],[10.275,31.685],[10.306,31.705],[10.476,31.736],[10.544,31.803],[10.595,31.886],[10.609,31.93],[10.683,31.975],[10.772,32.021],[10.826,32.081],[11.005,32.173],[11.168,32.257],[11.358,32.345],[11.505,32.414],[11.536,32.473],[11.534,32.525],[11.454,32.643],[11.454,32.782],[11.459,32.897],[11.467,32.966],[11.502,33.156],[11.505,33.182]]}},{"type":"Feature","properties":{},"geometry":{"type":"LineString","coordinates":[[45.001,41.291],[45.023,41.246],[45.085,41.195],[45.152,41.175],[45.189,41.147],[45.19,41.126],[45.071,41.101],[45.063,41.088],[45.07,41.076],[45.106,41.069],[45.273,41.006],[45.369,41.005],[45.419,40.986],[45.444,40.948],[45.524,40.897],[45.588,40.847],[45.591,40.83],[45.579,40.804],[45.401,40.707],[45.379,40.674],[45.376,40.638],[45.454,40.532],[45.569,40.417],[45.736,40.329],[45.965,40.234],[45.968,40.175],[45.931,40.105],[45.9,40.057],[45.886,40.025],[45.858,40.011],[45.63,40.014],[45.596,40.003],[45.581,39.989],[45.58,39.978],[45.662,39.956],[45.79,39.881],[45.863,39.808],[45.94,39.777],[46.026,39.719],[46.095,39.664],[46.202,39.594],[46.322,39.617],[46.481,39.555],[46.488,39.513],[46.478,39.475],[46.378,39.434],[46.365,39.417],[46.365,39.403],[46.378,39.382],[46.437,39.349],[46.507,39.299],[46.585,39.224],[46.55,39.201],[46.477,39.198],[46.42,39.207],[46.4,39.192],[46.401,39.168],[46.475,39.111],[46.49,39.069],[46.487,38.997],[46.491,38.907]]}},{"type":"Feature","properties":{},"geometry":{"type":"LineString","coordinates":[[44.768,39.704],[44.867,39.719],[45.032,39.765],[45.076,39.743],[45.125,39.696],[45.149,39.657],[45.153,39.583],[45.173,39.571],[45.253,39.595],[45.288,39.566],[45.35,39.53],[45.457,39.494],[45.611,39.55],[45.687,39.564],[45.751,39.563],[45.784,39.546],[45.797,39.488],[45.784,39.417],[45.766,39.378],[45.799,39.35],[45.925,39.282],[45.977,39.244],[45.952,39.178],[46.046,39.018],[46.077,38.955],[46.114,38.878]]}},{"type":"Feature","properties":{},"geometry":{"type":"LineString","coordinates":[[20.242,46.109],[20.281,46.133],[20.508,46.167],[20.614,46.134],[20.661,46.146],[20.707,46.173],[20.733,46.194],[20.737,46.217],[20.76,46.246],[20.837,46.26],[21.04,46.242],[21.122,46.282],[21.152,46.304],[21.17,46.353],[21.192,46.392],[21.265,46.412],[21.263,46.448],[21.252,46.486],[21.295,46.572],[21.32,46.608],[21.361,46.621],[21.411,46.648],[21.497,46.704],[21.477,46.753],[21.494,46.79],[21.584,46.878],[21.653,46.964],[21.651,47.007],[21.661,47.044],[21.722,47.085],[21.785,47.138],[21.869,47.305],[21.899,47.333],[21.954,47.364],[21.995,47.396],[22.0,47.505],[22.038,47.537],[22.112,47.572],[22.185,47.629],[22.245,47.696],[22.291,47.728],[22.351,47.736],[22.417,47.763],[22.491,47.773],[22.563,47.76],[22.608,47.766],[22.677,47.799],[22.852,47.923],[22.877,47.947]]}},{"type":"Feature","properties":{},"geometry":{"type":"LineString","coordinates":[[18.832,49.511],[18.938,49.498],[18.957,49.448],[18.968,49.396],[19.149,49.4],[19.25,49.511],[19.302,49.525],[19.386,49.564],[19.442,49.598],[19.48,49.576],[19.535,49.505],[19.593,49.447],[19.627,49.424],[19.63,49.407],[19.664,49.396],[19.73,49.39],[19.774,49.372],[19.787,49.319],[19.788,49.27],[19.767,49.235],[19.757,49.204],[19.802,49.192],[19.869,49.204],[19.916,49.221],[20.058,49.181],[20.108,49.271],[20.164,49.316],[20.237,49.338],[20.303,49.366],[20.363,49.385],[20.405,49.384],[20.423,49.392],[20.475,49.39],[20.535,49.381],[20.616,49.392],[20.729,49.37],[20.799,49.329],[20.868,49.315],[20.947,49.317],[21.001,49.34],[21.079,49.418],[21.136,49.417],[21.225,49.429],[21.35,49.429],[21.64,49.412],[21.712,49.382],[21.89,49.343],[21.968,49.299],[22.002,49.246],[22.02,49.21],[22.203,49.153],[22.473,49.081],[22.539,49.073]]}},{"type":"Feature","properties":{},"geometry":{"type":"LineString","coordinates":[[-7.403,55.0],[-7.446,54.905],[-7.451,54.877],[-7.502,54.825],[-7.55,54.768],[-7.606,54.746],[-7.69,54.728],[-7.737,54.71],[-7.797,54.719],[-7.873,54.718],[-7.911,54.698],[-7.909,54.683],[-7.886,54.666],[-7.82,54.64],[-7.746,54.616],[-7.754,54.595],[-7.794,54.571],[-8.044,54.512],[-8.119,54.477],[-8.145,54.453],[-8.118,54.414],[-7.918,54.297],[-7.884,54.284],[-7.855,54.215],[-7.679,54.187],[-7.607,54.144],[-7.544,54.134],[-7.409,54.137],[-7.355,54.121],[-7.325,54.133],[-7.307,54.156],[-7.193,54.214],[-7.155,54.24],[-7.178,54.275],[-7.203,54.302],[-7.133,54.355],[-7.05,54.408],[-7.008,54.407],[-6.936,54.374],[-6.877,54.329],[-6.869,54.294],[-6.858,54.269],[-6.803,54.214],[-6.767,54.196],[-6.67,54.185],[-6.647,54.163],[-6.664,54.085],[-6.65,54.059],[-6.548,54.057],[-6.44,54.064],[-6.403,54.061],[-6.364,54.077],[-6.304,54.095],[-6.218,54.089]]}},{"type":"Feature","properties":{},"geometry":{"type":"LineString","coordinates":[[18.832,49.511],[18.829,49.54],[18.807,49.614],[18.595,49.758],[18.569,49.818],[18.577,49.841],[18.562,49.879],[18.516,49.902],[18.348,49.93],[18.305,49.914],[18.266,49.93],[18.205,49.965],[18.099,49.993],[18.088,50.007],[18.049,50.032],[18.028,50.035],[18.015,50.02],[17.984,49.999],[17.875,49.972],[17.831,49.983],[17.792,50.007],[17.747,50.057],[17.681,50.101],[17.627,50.116],[17.596,50.14],[17.589,50.157],[17.709,50.194],[17.735,50.231],[17.72,50.299],[17.702,50.307],[17.655,50.284],[17.555,50.264],[17.462,50.255],[17.415,50.255],[17.152,50.378],[16.981,50.416],[16.88,50.427],[16.869,50.414],[16.915,50.345],[16.993,50.26],[16.99,50.237],[16.895,50.202],[16.842,50.187],[16.779,50.157],[16.725,50.116],[16.679,50.097],[16.639,50.102],[16.597,50.122],[16.488,50.248],[16.35,50.345],[16.334,50.367],[16.291,50.372],[16.231,50.394],[16.21,50.424],[16.241,50.455],[16.283,50.483],[16.357,50.5],[16.379,50.517],[16.392,50.542],[16.42,50.574],[16.413,50.585],[16.36,50.621],[16.282,50.656],[16.066,50.63],[16.007,50.612],[15.974,50.635],[15.949,50.67],[15.894,50.677],[15.819,50.709],[15.731,50.74],[15.644,50.749],[15.464,50.794],[15.395,50.796],[15.354,50.812],[15.313,50.846],[15.277,50.883],[15.259,50.959],[15.126,50.993],[14.994,51.014],[14.984,51.003],[14.99,50.927],[14.983,50.887],[14.896,50.861],[14.809,50.859]]}},{"type":"Feature","properties":{},"geometry":{"type":"LineString","coordinates":[[20.001,39.709],[20.023,39.711],[20.06,39.699],[20.131,39.662],[20.207,39.653],[20.248,39.678],[20.272,39.701],[20.288,39.739],[20.294,39.782],[20.306,39.797],[20.364,39.792],[20.382,39.803],[20.382,39.842],[20.344,39.891],[20.311,39.951],[20.311,39.979],[20.338,39.991],[20.384,40.017],[20.408,40.049],[20.456,40.066],[20.527,40.069],[20.606,40.083],[20.657,40.117],[20.665,40.152],[20.697,40.246],[20.718,40.293],[20.752,40.335],[20.77,40.392],[20.806,40.445],[20.882,40.468],[20.95,40.494],[21.002,40.563],[21.031,40.622],[21.031,40.659],[20.988,40.718],[20.956,40.775],[20.964,40.85]]}},{"type":"Feature","properties":{},"geometry":{"type":"LineString","coordinates":[[22.132,48.405],[22.143,48.569],[22.295,48.686],[22.333,48.745],[22.389,48.873],[22.432,48.934],[22.483,48.983],[22.524,49.031],[22.539,49.073]]}},{"type":"Feature","properties":{},"geometry":{"type":"LineString","coordinates":[[-11.508,6.907],[-11.455,6.951],[-11.377,7.095],[-11.268,7.233],[-11.166,7.314],[-11.085,7.399],[-11.0,7.463],[-10.878,7.538],[-10.691,7.736],[-10.647,7.759],[-10.618,7.896],[-10.571,8.071],[-10.517,8.125],[-10.39,8.158],[-10.36,8.188],[-10.315,8.311],[-10.286,8.454],[-10.283,8.485]]}},{"type":"Feature","properties":{},"geometry":{"type":"LineString","coordinates":[[24.147,8.666],[24.195,8.653],[24.221,8.608],[24.18,8.461],[24.208,8.369],[24.291,8.291],[24.375,8.258],[24.456,8.239],[24.737,8.192],[24.853,8.138],[25.007,7.965],[25.2,7.808],[25.247,7.725],[25.239,7.649],[25.181,7.557],[25.19,7.519],[25.279,7.428],[25.381,7.333],[25.567,7.229],[25.889,7.065],[26.037,6.955],[26.087,6.872],[26.169,6.782],[26.285,6.699],[26.362,6.635],[26.309,6.455],[26.325,6.396],[26.353,6.345],[26.421,6.274],[26.448,6.183],[26.514,6.069],[26.594,6.018],[26.726,5.998],[26.796,5.946],[26.942,5.855],[27.083,5.777],[27.144,5.723],[27.181,5.675],[27.213,5.619],[27.229,5.563],[27.233,5.441],[27.257,5.29],[27.332,5.186]]}},{"type":"Feature","properties":{},"geometry":{"type":"LineString","coordinates":[[42.923,10.999],[43.049,11.194],[43.159,11.366],[43.246,11.5]]}},{"type":"Feature","properties":{},"geometry":{"type":"LineString","coordinates":[[42.923,10.999],[42.844,10.998],[42.783,11.009],[42.741,11.042],[42.655,11.078],[42.558,11.081],[42.465,11.047],[42.308,11.005],[42.166,10.992],[42.052,10.968],[41.957,10.941],[41.872,10.956],[41.798,10.98],[41.782,11.188],[41.765,11.413],[41.767,11.589],[41.793,11.686],[41.816,11.724],[41.95,11.858],[41.996,11.912],[42.149,12.134],[42.28,12.324],[42.378,12.466]]}},{"type":"Feature","properties":{},"geometry":{"type":"LineString","coordinates":[[42.378,12.466],[42.409,12.494],[42.45,12.521],[42.479,12.514],[42.67,12.377],[42.704,12.38],[42.767,12.423],[42.825,12.569],[42.866,12.623],[42.883,12.621],[43.006,12.662],[43.117,12.709]]}},{"type":"Feature","properties":{},"geometry":{"type":"LineString","coordinates":[[13.815,48.767],[13.843,48.76],[13.924,48.728],[13.989,48.692],[14.049,48.603],[14.19,48.579],[14.368,48.576],[14.431,48.616],[14.489,48.626],[14.554,48.613],[14.691,48.599],[14.707,48.672],[14.786,48.747],[14.822,48.774],[14.923,48.771],[14.947,48.828],[14.972,48.984],[14.993,49.001],[15.067,48.998],[15.14,48.969],[15.162,48.946],[15.2,48.948],[15.253,48.964],[15.311,48.974],[15.403,48.957],[15.599,48.886],[15.701,48.86],[15.765,48.865],[15.825,48.864],[16.057,48.755],[16.219,48.739],[16.367,48.739],[16.415,48.772],[16.478,48.8],[16.544,48.796],[16.601,48.782],[16.713,48.734],[16.764,48.722],[16.833,48.714],[16.884,48.704],[16.928,48.621],[16.953,48.599]]}},{"type":"Feature","properties":{},"geometry":{"type":"LineString","coordinates":[[42.359,37.109],[42.456,37.129],[42.635,37.249],[42.741,37.362],[42.775,37.372],[42.869,37.335],[42.937,37.325],[43.092,37.367],[43.185,37.345],[43.263,37.316],[43.307,37.315],[43.516,37.245],[43.568,37.236],[43.676,37.227],[43.836,37.224],[43.94,37.269],[44.013,37.314],[44.065,37.312],[44.114,37.302],[44.156,37.283],[44.192,37.25],[44.208,37.203],[44.202,37.052],[44.217,37.012],[44.246,36.983],[44.282,36.978],[44.326,37.011],[44.402,37.058],[44.496,37.111],[44.566,37.158],[44.606,37.176],[44.669,37.174],[44.731,37.165],[44.765,37.142]]}},{"type":"Feature","properties":{},"geometry":{"type":"LineString","coordinates":[[16.093,46.863],[16.253,46.972],[16.332,47.002],[16.424,46.997],[16.453,47.007],[16.461,47.022],[16.477,47.058],[16.485,47.091],[16.493,47.123],[16.483,47.14],[16.438,47.146],[16.417,47.223],[16.44,47.253],[16.463,47.273],[16.434,47.367],[16.443,47.4],[16.515,47.405],[16.574,47.425],[16.623,47.448],[16.637,47.477],[16.677,47.536],[16.64,47.609],[16.432,47.656],[16.421,47.674],[16.47,47.695],[16.521,47.724],[16.551,47.747],[16.591,47.751],[16.647,47.739],[16.748,47.686],[16.786,47.679],[16.823,47.694],[16.863,47.697],[16.973,47.695],[17.067,47.708],[17.046,47.764],[17.046,47.805],[17.03,47.837],[17.04,47.873],[17.078,47.901],[17.089,47.964],[17.147,48.006]]}},{"type":"Feature","properties":{},"geometry":{"type":"LineString","coordinates":[[7.021,45.926],[7.056,45.904],[7.129,45.88],[7.328,45.912],[7.452,45.944],[7.539,45.978],[7.593,45.972],[7.788,45.922],[7.852,45.947],[7.993,46.016],[8.014,46.052],[8.125,46.161],[8.127,46.188],[8.082,46.256],[8.096,46.271],[8.232,46.341],[8.299,46.403],[8.371,46.445],[8.423,46.446],[8.437,46.432],[8.443,46.403],[8.438,46.283],[8.458,46.246],[8.565,46.16],[8.642,46.111],[8.819,46.077],[8.827,46.061],[8.778,45.996],[8.885,45.919],[8.904,45.862],[8.954,45.83],[9.024,45.846],[9.047,45.876],[9.019,45.928],[8.999,45.983],[9.003,46.015],[9.022,46.051],[9.071,46.102],[9.203,46.219],[9.251,46.287],[9.26,46.391],[9.26,46.475],[9.304,46.496],[9.399,46.481],[9.428,46.482],[9.441,46.431],[9.481,46.349],[9.529,46.306],[9.58,46.296],[9.639,46.296],[9.788,46.346],[9.884,46.368],[9.939,46.362],[9.972,46.328],[10.041,46.238],[10.081,46.228],[10.128,46.238],[10.145,46.254],[10.13,46.288],[10.11,46.363],[10.082,46.421],[10.046,46.448],[10.038,46.483],[10.061,46.547],[10.087,46.6],[10.137,46.614],[10.196,46.621],[10.272,46.565],[10.363,46.547],[10.431,46.55],[10.442,46.583],[10.438,46.619],[10.398,46.665],[10.406,46.735],[10.453,46.865]]}},{"type":"Feature","properties":{},"geometry":{"type":"LineString","coordinates":[[10.453,46.865],[10.455,46.899],[10.415,46.964],[10.349,46.985],[10.18,46.862],[10.133,46.852],[9.997,46.885],[9.878,46.938],[9.865,46.976],[9.845,47.007],[9.745,47.037],[9.62,47.057],[9.58,47.057]]}},{"type":"Feature","properties":{},"geometry":{"type":"LineString","coordinates":[[44.765,37.142],[44.767,37.156],[44.758,37.217],[44.797,37.27],[44.794,37.29],[44.715,37.357],[44.604,37.424],[44.574,37.435],[44.573,37.506],[44.577,37.56],[44.567,37.609],[44.546,37.636],[44.545,37.658],[44.59,37.71],[44.561,37.745],[44.398,37.829],[44.336,37.872],[44.223,37.88],[44.211,37.908],[44.229,37.967],[44.268,38.039],[44.329,38.109],[44.349,38.147],[44.373,38.21],[44.381,38.255],[44.45,38.318],[44.45,38.334],[44.431,38.357],[44.376,38.37],[44.32,38.375],[44.299,38.386],[44.291,38.42],[44.298,38.558],[44.28,38.641],[44.257,38.701],[44.272,38.836],[44.232,38.863],[44.171,38.934],[44.145,38.994],[44.159,39.017],[44.172,39.056],[44.181,39.108],[44.178,39.145],[44.121,39.181],[44.079,39.218],[44.074,39.26],[44.058,39.311],[44.034,39.351],[44.023,39.377],[44.044,39.393],[44.124,39.405],[44.24,39.397],[44.335,39.396],[44.389,39.422],[44.456,39.667],[44.517,39.731],[44.587,39.769],[44.725,39.682],[44.782,39.651],[44.817,39.65]]}},{"type":"Feature","properties":{},"geometry":{"type":"LineString","coordinates":[[23.485,53.94],[23.478,53.959],[23.483,54.006],[23.481,54.079],[23.454,54.143],[23.37,54.2],[23.282,54.24],[23.17,54.281],[23.088,54.299],[23.042,54.304],[23.032,54.328],[23.016,54.348],[22.977,54.366],[22.894,54.391],[22.824,54.396],[22.766,54.357]]}},{"type":"Feature","properties":{},"geometry":{"type":"LineString","coordinates":[[7.197,53.282],[7.189,53.187],[7.19,53.0],[7.18,52.966],[7.117,52.887],[7.051,52.745],[7.033,52.651],[7.013,52.634],[6.748,52.634],[6.711,52.618],[6.705,52.598],[6.719,52.574],[6.712,52.55],[6.692,52.53],[6.703,52.499],[6.749,52.464],[6.832,52.442],[6.922,52.44],[6.968,52.444],[7.002,52.419],[7.035,52.38],[7.033,52.331],[7.02,52.266],[6.977,52.205],[6.855,52.136],[6.8,52.111],[6.749,52.099],[6.724,52.08],[6.713,52.057],[6.716,52.036],[6.802,51.98],[6.8,51.967],[6.775,51.938],[6.742,51.911],[6.518,51.854],[6.425,51.858],[6.372,51.83],[6.356,51.825],[6.297,51.851],[6.167,51.881],[6.117,51.87],[6.09,51.854],[6.008,51.834],[5.949,51.803],[5.949,51.762],[6.053,51.658],[6.089,51.638],[6.091,51.599],[6.142,51.55],[6.193,51.489],[6.199,51.45],[6.193,51.411],[6.166,51.355],[6.076,51.224],[6.075,51.199],[6.082,51.18],[6.113,51.175],[6.137,51.165],[6.13,51.147],[5.961,51.057],[5.939,51.041],[5.868,51.045],[5.858,51.03],[5.867,51.006],[5.895,50.984],[5.955,50.973],[6.007,50.95],[6.048,50.905],[5.994,50.75]]}},{"type":"Feature","properties":{},"geometry":{"type":"LineString","coordinates":[[9.58,47.057],[9.596,47.076],[9.611,47.107],[9.601,47.132],[9.572,47.158],[9.556,47.185],[9.551,47.212],[9.542,47.234],[9.537,47.255],[9.528,47.271]]}},{"type":"Feature","properties":{},"geometry":{"type":"LineString","coordinates":[[-8.486,7.559],[-8.43,7.602],[-8.352,7.591],[-8.232,7.557],[-8.206,7.59],[-8.115,7.761],[-8.118,7.824],[-8.127,7.868],[-8.074,7.984],[-8.032,8.03],[-8.01,8.078],[-8.017,8.145],[-8.049,8.17],[-8.091,8.165],[-8.141,8.181],[-8.217,8.22],[-8.256,8.254],[-8.244,8.408],[-8.237,8.456],[-8.21,8.483],[-8.168,8.491],[-8.049,8.495],[-7.953,8.478],[-7.869,8.468],[-7.824,8.468],[-7.787,8.422],[-7.739,8.375],[-7.696,8.376],[-7.681,8.41],[-7.691,8.562],[-7.72,8.643],[-7.784,8.721],[-7.951,8.787],[-7.955,8.879],[-7.938,8.98],[-7.902,9.017],[-7.778,9.081],[-7.8,9.115],[-7.839,9.152],[-7.918,9.189],[-7.9,9.309],[-7.896,9.416],[-7.963,9.404],[-8.031,9.398],[-8.089,9.431],[-8.137,9.496],[-8.146,9.675],[-8.146,9.882],[-8.155,9.973],[-8.137,10.022],[-8.078,10.067],[-8.014,10.125],[-7.991,10.163]]}},{"type":"Feature","properties":{},"geometry":{"type":"LineString","coordinates":[[7.493,43.767],[7.491,43.823],[7.482,43.865],[7.523,43.911],[7.59,43.965],[7.652,44.034],[7.677,44.083],[7.665,44.116],[7.637,44.165],[7.599,44.168],[7.371,44.127],[7.319,44.138],[7.149,44.202],[6.967,44.28],[6.9,44.336],[6.875,44.392],[6.894,44.428],[6.879,44.463],[6.843,44.511],[6.875,44.565],[6.932,44.632],[6.96,44.677],[7.008,44.689],[7.031,44.717],[6.993,44.827],[6.973,44.845],[6.94,44.859],[6.889,44.86],[6.801,44.883],[6.738,44.921],[6.725,44.973],[6.691,45.023],[6.635,45.068],[6.628,45.118],[6.692,45.144],[6.78,45.145],[6.842,45.136],[6.981,45.216],[7.032,45.223],[7.078,45.24],[7.117,45.349],[7.146,45.382],[7.153,45.401],[7.126,45.424],[7.014,45.501],[6.962,45.581],[6.881,45.67],[6.806,45.71],[6.791,45.741],[6.789,45.78],[6.804,45.815],[6.941,45.868],[7.021,45.926]]}},{"type":"Feature","properties":{},"geometry":{"type":"LineString","coordinates":[[48.573,41.844],[48.519,41.779],[48.431,41.663],[48.391,41.602],[48.298,41.545],[48.142,41.485],[48.056,41.459],[47.964,41.334],[47.861,41.213],[47.791,41.199],[47.592,41.218],[47.521,41.229],[47.318,41.282],[47.261,41.315],[47.205,41.456],[47.143,41.516],[47.064,41.555],[47.01,41.587],[46.988,41.621],[46.931,41.67],[46.826,41.743],[46.749,41.813],[46.69,41.831],[46.616,41.807],[46.571,41.8],[46.552,41.812],[46.538,41.87],[46.43,41.891]]}},{"type":"Feature","properties":{},"geometry":{"type":"LineString","coordinates":[[46.43,41.891],[46.405,41.855],[46.348,41.79],[46.303,41.757],[46.252,41.752],[46.202,41.737],[46.184,41.702],[46.182,41.657],[46.191,41.625],[46.204,41.613],[46.255,41.602],[46.305,41.508],[46.385,41.46],[46.509,41.406],[46.619,41.344],[46.673,41.287],[46.662,41.245],[46.626,41.16],[46.534,41.089],[46.458,41.07],[46.431,41.077],[46.381,41.099],[46.28,41.154],[46.171,41.198],[46.087,41.184],[46.031,41.167],[45.922,41.187],[45.793,41.224],[45.726,41.262],[45.696,41.289],[45.716,41.338],[45.422,41.425],[45.281,41.45],[45.217,41.423],[45.001,41.291]]}},{"type":"Feature","properties":{},"geometry":{"type":"LineString","coordinates":[[-11.389,12.404],[-11.382,12.479],[-11.449,12.532],[-11.451,12.558],[-11.444,12.628],[-11.414,12.775],[-11.417,12.832],[-11.39,12.942],[-11.434,12.992],[-11.444,13.028],[-11.493,13.087],[-11.549,13.17],[-11.562,13.237],[-11.581,13.29],[-11.635,13.37],[-11.674,13.382],[-11.758,13.395],[-11.772,13.367],[-11.803,13.327],[-11.832,13.316],[-11.878,13.365],[-11.895,13.406],[-11.895,13.444],[-11.957,13.511],[-12.054,13.633],[-12.044,13.734],[-11.984,13.788],[-11.966,13.829],[-11.961,13.875],[-11.988,13.931],[-12.02,13.975],[-12.011,14.072],[-12.019,14.206],[-12.068,14.274],[-12.113,14.323],[-12.175,14.377],[-12.228,14.459],[-12.207,14.571],[-12.187,14.648],[-12.281,14.809]]}},{"type":"Feature","properties":{},"geometry":{"type":"LineString","coordinates":[[2.706,6.369],[2.708,6.428],[2.736,6.596],[2.754,6.662],[2.775,6.712],[2.753,6.772],[2.732,6.853],[2.721,6.98],[2.748,7.02],[2.757,7.068],[2.751,7.143],[2.751,7.395],[2.766,7.423],[2.784,7.443],[2.785,7.477],[2.751,7.542],[2.719,7.616],[2.72,7.723],[2.708,7.827],[2.686,7.874],[2.702,8.05],[2.711,8.273],[2.703,8.372],[2.724,8.442],[2.735,8.614],[2.733,8.783],[2.775,9.049],[2.898,9.061],[3.045,9.084],[3.11,9.188],[3.148,9.321],[3.136,9.452],[3.165,9.495],[3.223,9.566],[3.33,9.667],[3.325,9.778],[3.354,9.813],[3.405,9.839],[3.477,9.852],[3.557,9.907],[3.602,10.005],[3.646,10.16],[3.577,10.268],[3.578,10.292],[3.604,10.351],[3.647,10.409],[3.68,10.428],[3.758,10.413],[3.772,10.418],[3.784,10.436],[3.834,10.607],[3.83,10.654],[3.757,10.769],[3.745,10.85],[3.734,10.972],[3.716,11.08],[3.695,11.12],[3.656,11.155],[3.639,11.177],[3.488,11.395],[3.491,11.499],[3.554,11.632],[3.595,11.696]]}},{"type":"Feature","properties":{},"geometry":{"type":"LineString","coordinates":[[16.516,46.5],[16.428,46.524],[16.321,46.535],[16.301,46.521],[16.258,46.508],[16.237,46.484],[16.253,46.389],[16.227,46.373],[16.106,46.382],[16.066,46.371],[16.001,46.305],[15.933,46.278],[15.848,46.258],[15.784,46.234],[15.704,46.213],[15.636,46.201],[15.609,46.172],[15.593,46.14],[15.597,46.109],[15.666,46.049],[15.676,45.984],[15.668,45.904],[15.652,45.862],[15.625,45.834],[15.454,45.798],[15.277,45.733],[15.273,45.718],[15.354,45.66],[15.357,45.645],[15.29,45.613],[15.284,45.58],[15.291,45.542],[15.327,45.502],[15.339,45.467],[15.242,45.441],[15.11,45.451],[14.955,45.5],[14.9,45.493],[14.847,45.467],[14.793,45.478],[14.734,45.508],[14.649,45.571],[14.609,45.61],[14.592,45.651],[14.569,45.657],[14.534,45.645],[14.505,45.595],[14.427,45.506],[14.37,45.481],[14.283,45.487],[14.161,45.485],[14.086,45.478],[13.993,45.509],[13.97,45.503],[13.97,45.483],[13.936,45.45],[13.879,45.428],[13.615,45.477],[13.578,45.517]]}},{"type":"Feature","properties":{},"geometry":{"type":"LineString","coordinates":[[18.905,45.932],[18.9,45.932],[18.833,45.911],[18.722,45.899],[18.666,45.907],[18.565,45.813],[18.534,45.796],[18.437,45.767],[18.358,45.753],[18.291,45.764],[18.264,45.765],[17.964,45.77],[17.807,45.79],[17.706,45.827],[17.64,45.868],[17.607,45.914],[17.529,45.941],[17.406,45.951],[17.311,45.996],[17.242,46.077],[17.15,46.14],[17.033,46.187],[16.94,46.254],[16.871,46.339],[16.748,46.416],[16.57,46.485],[16.516,46.5]]}},{"type":"Feature","properties":{},"geometry":{"type":"LineString","coordinates":[[20.242,46.109],[20.21,46.126],[20.161,46.142],[19.934,46.161],[19.844,46.146],[19.725,46.152],[19.613,46.169],[19.531,46.155],[19.458,46.087],[19.421,46.064],[19.393,46.05],[19.33,46.029],[19.278,46.003],[19.208,45.984],[19.146,45.987],[19.087,46.016],[19.066,46.01],[19.048,45.983],[19.016,45.96],[18.928,45.931],[18.905,45.932]]}},{"type":"Feature","properties":{},"geometry":{"type":"LineString","coordinates":[[16.516,46.5],[16.506,46.522],[16.418,46.607],[16.381,46.639],[16.385,46.681],[16.367,46.705],[16.335,46.722],[16.318,46.783],[16.308,46.828],[16.284,46.857],[16.093,46.863]]}},{"type":"Feature","properties":{},"geometry":{"type":"LineString","coordinates":[[28.014,41.969],[27.879,41.987],[27.832,41.981],[27.802,41.957],[27.739,41.962],[27.661,41.961],[27.58,41.933],[27.535,41.921],[27.475,41.947],[27.363,42.025],[27.295,42.08],[27.244,42.093],[27.193,42.077],[27.012,42.059],[26.969,42.027],[26.885,41.992],[26.8,41.975],[26.679,41.963],[26.615,41.965],[26.58,41.948],[26.55,41.897],[26.529,41.847],[26.511,41.826],[26.36,41.802],[26.327,41.773],[26.318,41.745],[26.321,41.717]]}},{"type":"Feature","properties":{},"geometry":{"type":"LineString","coordinates":[[5.994,50.75],[6.006,50.732],[6.119,50.679],[6.154,50.637],[6.236,50.597],[6.168,50.545],[6.179,50.522],[6.203,50.499],[6.295,50.485],[6.341,50.452],[6.344,50.4],[6.365,50.316],[6.175,50.233],[6.121,50.139],[6.117,50.121]]}},{"type":"Feature","properties":{},"geometry":{"type":"LineString","coordinates":[[14.064,13.079],[13.932,13.258],[13.763,13.49],[13.606,13.705]]}},{"type":"Feature","properties":{},"geometry":{"type":"LineString","coordinates":[[46.531,29.096],[46.694,29.26],[46.769,29.347],[46.906,29.538],[46.976,29.673],[47.044,29.823],[47.102,29.94],[47.114,29.961],[47.148,30.001],[47.223,30.041],[47.331,30.08],[47.515,30.097],[47.644,30.097],[47.673,30.096],[47.754,30.077],[47.979,29.983]]}},{"type":"Feature","properties":{},"geometry":{"type":"LineString","coordinates":[[10.453,46.865],[10.479,46.855],[10.58,46.854],[10.689,46.846],[10.76,46.793],[10.829,46.775],[10.927,46.769],[10.993,46.777],[11.025,46.797],[11.063,46.859],[11.134,46.936],[11.244,46.976],[11.433,46.983],[11.528,46.997],[11.626,46.997],[11.699,46.985],[11.776,46.986],[11.969,47.04],[12.169,47.082],[12.197,47.075],[12.201,47.061],[12.165,47.028],[12.131,46.985],[12.154,46.935],[12.268,46.836],[12.33,46.76],[12.388,46.703],[12.479,46.672],[12.599,46.654],[12.7,46.647],[12.806,46.626],[13.169,46.573],[13.352,46.558],[13.49,46.556],[13.7,46.52]]}},{"type":"Feature","properties":{},"geometry":{"type":"LineString","coordinates":[[13.7,46.52],[13.68,46.463],[13.637,46.449],[13.563,46.415],[13.478,46.369],[13.4,46.318],[13.378,46.262],[13.4,46.225],[13.421,46.212],[13.45,46.224],[13.492,46.217],[13.545,46.197],[13.632,46.177],[13.635,46.158],[13.617,46.133],[13.548,46.089],[13.486,46.04],[13.48,46.009],[13.488,45.987],[13.509,45.974],[13.601,45.98],[13.614,45.962],[13.57,45.834],[13.583,45.812],[13.663,45.792],[13.722,45.761],[13.831,45.68],[13.875,45.615],[13.845,45.593],[13.776,45.582],[13.72,45.588]]}},{"type":"Feature","properties":{},"geometry":{"type":"LineString","coordinates":[[1.428,42.596],[1.349,42.691],[1.293,42.71],[1.208,42.713],[1.111,42.742],[1.01,42.779],[0.764,42.838],[0.697,42.845],[0.67,42.836],[0.652,42.8],[0.642,42.701],[0.632,42.69],[0.518,42.686],[0.377,42.7],[0.313,42.693],[0.256,42.693],[0.201,42.719],[-0.041,42.689],[-0.081,42.704],[-0.14,42.749],[-0.205,42.785],[-0.256,42.804],[-0.299,42.825],[-0.339,42.829],[-0.398,42.808],[-0.481,42.799],[-0.55,42.802],[-0.586,42.799],[-0.74,42.91],[-0.763,42.94],[-0.839,42.948],[-0.934,42.949],[-1.175,43.021],[-1.285,43.06],[-1.302,43.082],[-1.3,43.101],[-1.319,43.097],[-1.353,43.064],[-1.371,43.038],[-1.394,43.033],[-1.429,43.037],[-1.461,43.052],[-1.48,43.071],[-1.459,43.105],[-1.423,43.149],[-1.407,43.197],[-1.411,43.24],[-1.472,43.268],[-1.561,43.279],[-1.627,43.282],[-1.713,43.307],[-1.753,43.325],[-1.793,43.373],[-1.794,43.407]]}},{"type":"Feature","properties":{},"geometry":{"type":"LineString","coordinates":[[1.428,42.596],[1.459,42.622],[1.501,42.643],[1.568,42.635],[1.71,42.604],[1.739,42.576],[1.74,42.557],[1.714,42.526],[1.706,42.503]]}},{"type":"Feature","properties":{},"geometry":{"type":"LineString","coordinates":[[1.706,42.503],[1.86,42.457],[1.928,42.426],[1.951,42.393],[1.987,42.358],[2.033,42.354],[2.098,42.386],[2.2,42.421],[2.374,42.39],[2.568,42.346],[2.652,42.34],[2.655,42.362],[2.67,42.393],[2.702,42.408],[2.749,42.413],[2.816,42.429],[2.891,42.456],[2.97,42.467],[3.053,42.447],[3.152,42.431],[3.211,42.431]]}},{"type":"Feature","properties":{},"geometry":{"type":"LineString","coordinates":[[1.428,42.596],[1.415,42.548],[1.422,42.531],[1.43,42.498],[1.428,42.461],[1.449,42.437],[1.486,42.434],[1.534,42.442],[1.586,42.456],[1.678,42.497],[1.706,42.503]]}},{"type":"Feature","properties":{},"geometry":{"type":"LineString","coordinates":[[20.964,40.85],[21.1,40.856],[21.148,40.863],[21.324,40.867],[21.404,40.907],[21.46,40.904],[21.576,40.869],[21.627,40.896],[21.779,40.95],[21.929,41.107],[21.993,41.131],[22.139,41.141],[22.184,41.159],[22.238,41.155],[22.401,41.123],[22.494,41.119],[22.604,41.14],[22.725,41.179],[22.755,41.313],[22.784,41.332],[22.859,41.337],[22.916,41.336]]}},{"type":"Feature","properties":{},"geometry":{"type":"LineString","coordinates":[[21.561,42.248],[21.39,42.22],[21.332,42.187],[21.298,42.13],[21.287,42.1],[21.256,42.099],[21.206,42.129],[21.143,42.175],[21.06,42.171],[20.778,42.071],[20.75,42.018],[20.744,41.904],[20.725,41.874],[20.695,41.854],[20.579,41.866],[20.566,41.874]]}},{"type":"Feature","properties":{},"geometry":{"type":"LineString","coordinates":[[22.344,42.314],[22.317,42.322],[22.277,42.35],[22.24,42.358],[22.147,42.325],[22.052,42.305],[21.978,42.32],[21.904,42.322],[21.853,42.308],[21.815,42.303],[21.739,42.268],[21.618,42.242],[21.561,42.248]]}},{"type":"Feature","properties":{},"geometry":{"type":"LineString","coordinates":[[22.344,42.314],[22.422,42.329],[22.446,42.359],[22.524,42.441],[22.532,42.481],[22.524,42.504],[22.472,42.543],[22.436,42.629],[22.463,42.709],[22.466,42.751],[22.439,42.792],[22.467,42.843],[22.523,42.87],[22.558,42.878],[22.706,42.884],[22.8,42.986],[22.857,43.018],[22.915,43.076],[22.942,43.097],[22.968,43.142],[22.977,43.188],[22.86,43.252],[22.82,43.301],[22.768,43.354],[22.697,43.391],[22.555,43.455],[22.499,43.519],[22.474,43.602],[22.436,43.666],[22.395,43.707],[22.387,43.74],[22.37,43.781],[22.365,43.862],[22.399,43.97],[22.421,44.007],[22.469,44.018],[22.597,44.075],[22.603,44.149],[22.627,44.194],[22.667,44.22],[22.705,44.238]]}},{"type":"Feature","properties":{},"geometry":{"type":"LineString","coordinates":[[22.916,41.336],[22.93,41.356],[22.951,41.606],[23.006,41.717],[23.004,41.74],[22.992,41.757],[22.944,41.775],[22.909,41.835],[22.837,41.994],[22.796,42.026],[22.682,42.059],[22.583,42.105],[22.498,42.165],[22.344,42.314]]}},{"type":"Feature","properties":{},"geometry":{"type":"LineString","coordinates":[[18.436,42.56],[18.438,42.523],[18.477,42.481],[18.517,42.433]]}},{"type":"Feature","properties":{},"geometry":{"type":"LineString","coordinates":[[18.436,42.56],[18.347,42.587],[18.304,42.599],[18.124,42.691],[18.045,42.741],[17.919,42.807],[17.841,42.845],[17.802,42.902],[17.74,42.915],[17.668,42.897]]}},{"type":"Feature","properties":{},"geometry":{"type":"LineString","coordinates":[[20.344,42.828],[20.469,42.858],[20.487,42.879],[20.458,42.925],[20.475,42.953],[20.624,43.034],[20.649,43.071],[20.658,43.1],[20.638,43.13],[20.61,43.178],[20.623,43.199],[20.701,43.226],[20.763,43.259],[20.801,43.261],[20.824,43.238],[20.824,43.214],[20.844,43.173],[20.891,43.152],[20.968,43.116],[21.057,43.092],[21.127,43.043],[21.223,42.956],[21.237,42.913],[21.323,42.875],[21.403,42.832],[21.391,42.751],[21.662,42.682],[21.724,42.682],[21.753,42.67],[21.752,42.652],[21.731,42.595],[21.619,42.423],[21.61,42.387],[21.53,42.35],[21.519,42.328],[21.542,42.281],[21.563,42.246]]}},{"type":"Feature","properties":{},"geometry":{"type":"LineString","coordinates":[[20.344,42.828],[20.215,42.799],[20.193,42.755],[20.13,42.76],[20.054,42.76],[20.03,42.732],[20.066,42.686],[20.089,42.632],[20.07,42.557],[20.064,42.547]]}},{"type":"Feature","properties":{},"geometry":{"type":"LineString","coordinates":[[19.194,43.533],[19.192,43.521],[19.196,43.485],[19.219,43.45],[19.298,43.414],[19.415,43.343],[19.552,43.212],[19.614,43.173],[19.671,43.164],[19.781,43.11],[19.858,43.097],[19.944,43.082],[20.168,42.968],[20.268,42.935],[20.34,42.893],[20.348,42.853],[20.344,42.828]]}},{"type":"Feature","properties":{},"geometry":{"type":"LineString","coordinates":[[4.226,51.386],[4.211,51.349],[4.173,51.307],[4.04,51.247],[3.902,51.208],[3.831,51.213],[3.782,51.233],[3.756,51.255],[3.682,51.276],[3.58,51.286],[3.517,51.264],[3.472,51.242],[3.432,51.246],[3.403,51.264],[3.38,51.291],[3.35,51.378]]}},{"type":"Feature","properties":{},"geometry":{"type":"LineString","coordinates":[[5.994,50.75],[5.797,50.755],[5.747,50.76],[5.694,50.775],[5.669,50.806],[5.639,50.844],[5.648,50.867],[5.737,50.932],[5.75,50.95],[5.741,50.96],[5.75,50.989],[5.818,51.086],[5.827,51.126],[5.796,51.153],[5.752,51.169],[5.609,51.198],[5.54,51.239],[5.509,51.275],[5.477,51.285],[5.43,51.273],[5.311,51.26],[5.214,51.279],[5.1,51.346],[5.073,51.407],[5.059,51.453],[5.031,51.469],[4.993,51.445],[4.944,51.408],[4.848,51.403],[4.821,51.412],[4.816,51.433],[4.811,51.453],[4.784,51.477],[4.756,51.491],[4.634,51.422],[4.589,51.422],[4.532,51.449],[4.503,51.475],[4.441,51.46],[4.385,51.428],[4.404,51.367],[4.374,51.356],[4.304,51.362],[4.226,51.386]]}},{"type":"Feature","properties":{},"geometry":{"type":"LineString","coordinates":[[6.344,49.453],[6.382,49.458],[6.458,49.443],[6.534,49.395],[6.566,49.346],[6.575,49.32],[6.608,49.291],[6.735,49.161],[6.776,49.154],[6.821,49.174],[6.85,49.202],[6.891,49.208],[6.958,49.195],[7.001,49.18],[7.022,49.123],[7.037,49.113],[7.066,49.125],[7.117,49.128],[7.2,49.114],[7.313,49.13],[7.404,49.153],[7.451,49.152],[7.526,49.086],[7.611,49.062],[7.799,49.042],[8.001,49.011],[8.081,48.986],[8.135,48.974],[8.14,48.886],[8.124,48.873],[7.923,48.699],[7.838,48.636],[7.795,48.547],[7.765,48.41],[7.706,48.28],[7.617,48.157],[7.584,48.064],[7.608,48.003],[7.593,47.906],[7.539,47.774],[7.529,47.674],[7.565,47.607],[7.616,47.593]]}},{"type":"Feature","properties":{},"geometry":{"type":"LineString","coordinates":[[9.524,47.524],[9.35,47.599],[9.183,47.671],[9.128,47.671],[8.881,47.656],[8.874,47.663],[8.831,47.704],[8.793,47.717],[8.77,47.71],[8.755,47.698],[8.728,47.7],[8.618,47.766],[8.573,47.776],[8.51,47.767],[8.436,47.731],[8.403,47.688],[8.413,47.663],[8.452,47.652],[8.552,47.659],[8.567,47.652],[8.57,47.638],[8.56,47.624],[8.478,47.613],[8.454,47.596],[8.43,47.592],[8.415,47.59],[8.328,47.607],[8.198,47.607],[8.094,47.576],[7.927,47.564],[7.698,47.57],[7.616,47.593]]}},{"type":"Feature","properties":{},"geometry":{"type":"LineString","coordinates":[[9.528,47.271],[9.609,47.392],[9.626,47.467],[9.554,47.511],[9.524,47.524]]}},{"type":"Feature","properties":{},"geometry":{"type":"LineString","coordinates":[[9.58,47.057],[9.502,47.063],[9.488,47.062],[9.479,47.098],[9.484,47.173],[9.528,47.271]]}},{"type":"Feature","properties":{},"geometry":{"type":"LineString","coordinates":[[7.021,45.926],[7.004,45.959],[6.954,46.017],[6.897,46.052],[6.858,46.089],[6.806,46.131],[6.772,46.165],[6.817,46.275],[6.784,46.314],[6.767,46.369],[6.776,46.407],[6.758,46.416],[6.578,46.437],[6.429,46.431],[6.322,46.394],[6.235,46.333],[6.224,46.319],[6.23,46.308],[6.273,46.252],[6.199,46.193],[6.087,46.147],[6.007,46.142],[5.972,46.151],[5.97,46.215],[6.036,46.238],[6.096,46.279],[6.116,46.338],[6.123,46.379],[6.06,46.428],[6.068,46.459],[6.107,46.516],[6.13,46.567],[6.161,46.611],[6.285,46.683],[6.41,46.755],[6.429,46.832],[6.439,46.926],[6.456,46.948],[6.625,47.004],[6.667,47.027],[6.688,47.058],[6.821,47.163],[6.952,47.267],[6.978,47.302],[7.001,47.323],[7.001,47.339],[6.984,47.353],[6.921,47.361],[6.9,47.394],[6.968,47.453],[7.053,47.489],[7.136,47.49],[7.169,47.473],[7.167,47.454],[7.203,47.433],[7.266,47.426],[7.343,47.433],[7.42,47.455],[7.467,47.508],[7.495,47.547],[7.616,47.593]]}},{"type":"Feature","properties":{},"geometry":{"type":"LineString","coordinates":[[-7.406,37.179],[-7.467,37.428],[-7.496,37.524],[-7.503,37.586],[-7.444,37.728],[-7.379,37.786],[-7.292,37.906],[-7.185,38.006],[-7.073,38.03],[-7.023,38.045],[-6.981,38.122],[-6.958,38.188],[-6.975,38.194],[-7.106,38.181],[-7.343,38.457],[-7.336,38.501],[-7.306,38.567],[-7.286,38.649],[-7.282,38.715],[-7.22,38.771],[-7.126,38.827],[-7.046,38.907],[-7.006,38.985],[-6.998,39.056],[-7.043,39.107],[-7.172,39.135],[-7.306,39.338],[-7.335,39.465],[-7.363,39.478],[-7.445,39.536],[-7.524,39.645],[-7.536,39.662],[-7.454,39.681],[-7.118,39.682],[-7.047,39.706],[-7.037,39.714],[-6.975,39.798],[-6.911,39.937],[-6.896,40.022],[-6.916,40.057],[-7.028,40.143],[-7.033,40.168],[-7.015,40.208],[-6.948,40.252],[-6.859,40.301],[-6.81,40.343],[-6.822,40.376],[-6.848,40.411],[-6.852,40.443],[-6.836,40.483],[-6.83,40.619],[-6.818,40.654],[-6.836,40.778],[-6.858,40.878],[-6.928,41.009],[-6.916,41.038],[-6.883,41.062],[-6.776,41.108],[-6.69,41.214],[-6.566,41.304],[-6.403,41.375],[-6.289,41.455],[-6.244,41.516],[-6.213,41.532],[-6.222,41.56],[-6.243,41.602],[-6.308,41.642],[-6.392,41.665],[-6.485,41.664],[-6.542,41.672],[-6.559,41.704],[-6.553,41.79],[-6.558,41.874],[-6.575,41.913],[-6.618,41.942],[-6.704,41.935],[-6.777,41.958],[-6.833,41.964],[-6.866,41.945],[-7.03,41.951],[-7.099,41.964],[-7.147,41.981],[-7.178,41.972],[-7.195,41.955],[-7.198,41.929],[-7.21,41.895],[-7.269,41.864],[-7.404,41.834],[-7.513,41.836],[-7.613,41.858],[-7.645,41.874],[-7.693,41.888],[-7.896,41.871],[-7.921,41.884],[-7.991,41.852],[-8.094,41.814],[-8.152,41.812],[-8.174,41.82],[-8.181,41.837],[-8.225,41.896],[-8.213,41.927],[-8.13,42.018],[-8.139,42.04],[-8.174,42.069],[-8.204,42.112],[-8.213,42.134],[-8.266,42.137],[-8.323,42.115],[-8.538,42.069],[-8.59,42.053],[-8.683,42.009],[-8.777,41.941]]}},{"type":"Feature","properties":{},"geometry":{"type":"LineString","coordinates":[[13.815,48.767],[13.803,48.748],[13.797,48.686],[13.799,48.622],[13.785,48.587],[13.724,48.542],[13.692,48.533],[13.675,48.523],[13.487,48.582],[13.472,48.572],[13.46,48.565],[13.409,48.394],[13.375,48.361],[13.323,48.331],[13.215,48.302],[13.14,48.29],[13.082,48.275],[12.897,48.204],[12.814,48.161],[12.76,48.107],[12.76,48.076],[12.85,47.985],[12.954,47.891],[12.954,47.808],[12.908,47.746],[12.898,47.722],[12.928,47.713],[12.985,47.709],[13.034,47.699],[13.054,47.655],[13.048,47.579],[13.032,47.508],[13.014,47.478],[12.968,47.476],[12.879,47.506],[12.809,47.542],[12.783,47.564],[12.781,47.59],[12.796,47.607],[12.771,47.639],[12.686,47.669],[12.594,47.656],[12.527,47.636],[12.483,47.637],[12.436,47.666],[12.363,47.688],[12.268,47.703],[12.209,47.718],[12.197,47.709],[12.204,47.647],[12.186,47.62],[11.717,47.583],[11.574,47.55],[11.47,47.506],[11.393,47.487],[11.374,47.46],[11.298,47.425],[11.212,47.414],[11.191,47.425],[11.136,47.409],[11.042,47.393],[10.981,47.398],[10.952,47.427],[10.894,47.47],[10.871,47.501],[10.873,47.52],[10.742,47.524],[10.659,47.547],[10.483,47.542],[10.439,47.552],[10.43,47.541],[10.404,47.417],[10.369,47.366],[10.313,47.313],[10.241,47.284],[10.183,47.279],[10.186,47.317],[10.2,47.363],[10.159,47.374],[10.096,47.38],[10.066,47.393],[10.074,47.429],[10.06,47.449],[10.034,47.474],[9.972,47.505],[9.839,47.552],[9.749,47.576],[9.715,47.551],[9.651,47.526],[9.549,47.534],[9.524,47.524]]}},{"type":"Feature","properties":{},"geometry":{"type":"LineString","coordinates":[[16.093,46.863],[16.037,46.845],[15.977,46.801],[15.98,46.706],[15.972,46.697],[15.958,46.678],[15.767,46.711],[15.76,46.711],[15.633,46.698],[15.545,46.655],[15.439,46.63],[15.217,46.643],[15.001,46.626],[14.949,46.613],[14.893,46.606],[14.841,46.58],[14.811,46.545],[14.757,46.499],[14.68,46.463],[14.597,46.436],[14.577,46.413],[14.55,46.4],[14.504,46.417],[14.466,46.416],[14.42,46.428],[14.267,46.441],[14.1,46.462],[14.02,46.482],[13.929,46.498],[13.831,46.511],[13.744,46.514],[13.7,46.52]]}},{"type":"Feature","properties":{},"geometry":{"type":"LineString","coordinates":[[18.436,42.56],[18.454,42.564],[18.48,42.579],[18.535,42.62],[18.546,42.642],[18.543,42.674],[18.466,42.777],[18.455,42.844],[18.444,42.968],[18.46,42.998],[18.488,43.012],[18.624,43.028],[18.622,43.125],[18.63,43.154],[18.657,43.194],[18.674,43.231],[18.749,43.284],[18.851,43.346],[18.896,43.348],[18.935,43.339],[18.979,43.285],[19.027,43.292],[19.037,43.357],[18.974,43.442],[18.94,43.497],[18.951,43.527],[18.974,43.542],[19.028,43.533],[19.08,43.518],[19.113,43.528],[19.164,43.535],[19.194,43.533]]}},{"type":"Feature","properties":{},"geometry":{"type":"LineString","coordinates":[[19.194,43.533],[19.254,43.584],[19.301,43.592],[19.36,43.593],[19.4,43.568],[19.451,43.562],[19.48,43.595],[19.495,43.643],[19.488,43.704],[19.364,43.845],[19.257,43.943],[19.245,43.965],[19.268,43.983],[19.305,43.993],[19.345,43.985],[19.449,43.978],[19.55,43.987],[19.584,44.011],[19.584,44.043],[19.547,44.073],[19.43,44.155],[19.339,44.226],[19.232,44.281],[19.152,44.303],[19.128,44.33],[19.118,44.36],[19.127,44.415],[19.132,44.484],[19.151,44.527],[19.223,44.61],[19.292,44.697],[19.335,44.781],[19.357,44.859],[19.349,44.881],[19.313,44.897],[19.237,44.914],[19.132,44.9],[19.042,44.871],[19.007,44.869],[18.941,44.865],[18.836,44.883],[18.788,44.915],[18.78,44.947],[18.779,44.977],[18.746,45.027],[18.663,45.077],[18.488,45.086],[18.424,45.102],[18.358,45.121],[18.285,45.134],[18.218,45.133],[18.137,45.119],[17.996,45.142],[17.949,45.112],[17.874,45.077],[17.813,45.078],[17.69,45.158],[17.653,45.163],[17.546,45.123],[17.503,45.12],[17.469,45.133],[17.324,45.164],[17.259,45.171],[17.211,45.156],[17.125,45.172],[16.919,45.277],[16.791,45.197],[16.531,45.217],[16.453,45.162],[16.365,45.058],[16.293,45.009],[16.231,45.027],[16.157,45.072],[16.028,45.19],[15.963,45.211],[15.888,45.216],[15.823,45.203],[15.788,45.179],[15.761,45.008],[15.738,44.856],[15.737,44.766],[15.88,44.682],[16.049,44.538],[16.103,44.521],[16.13,44.474],[16.17,44.352],[16.214,44.215],[16.3,44.124],[16.378,44.06],[16.472,44.003],[16.59,43.913],[16.688,43.815],[16.713,43.779],[16.902,43.649],[17.085,43.517],[17.248,43.47],[17.274,43.446],[17.275,43.344],[17.293,43.306],[17.402,43.199],[17.625,43.043],[17.651,43.007],[17.658,42.98],[17.643,42.96],[17.585,42.938]]}},{"type":"Feature","properties":{},"geometry":{"type":"LineString","coordinates":[[19.007,44.869],[18.995,44.904],[19.01,44.919],[19.038,44.918],[19.061,44.911],[19.085,44.927],[19.1,44.974],[19.063,45.137],[19.13,45.152],[19.131,45.175],[19.137,45.196],[19.206,45.168],[19.303,45.167],[19.388,45.173],[19.401,45.189],[19.4,45.212],[19.382,45.231],[19.352,45.245],[19.33,45.268],[19.273,45.278],[19.093,45.337],[19.005,45.4],[19.008,45.466],[19.033,45.502],[19.064,45.515],[19.055,45.527],[18.954,45.558],[18.918,45.601],[18.947,45.656],[18.894,45.767],[18.839,45.836],[18.894,45.866],[18.901,45.908],[18.905,45.932]]}},{"type":"Feature","properties":{},"geometry":{"type":"LineString","coordinates":[[16.953,48.599],[16.985,48.677],[17.063,48.781],[17.136,48.841],[17.188,48.861],[17.297,48.843],[17.483,48.828],[17.625,48.842],[17.759,48.888],[17.831,48.929],[17.893,48.971],[17.913,48.999],[17.941,49.012],[18.051,49.037],[18.086,49.065],[18.1,49.119],[18.11,49.18],[18.133,49.225],[18.161,49.257],[18.365,49.336],[18.383,49.364],[18.416,49.391],[18.476,49.421],[18.535,49.465],[18.597,49.491],[18.676,49.488],[18.75,49.494],[18.807,49.509],[18.832,49.511]]}},{"type":"Feature","properties":{},"geometry":{"type":"LineString","coordinates":[[17.147,48.006],[17.086,48.04],[17.068,48.083],[16.973,48.198],[16.865,48.387],[16.863,48.441],[16.904,48.504],[16.943,48.551],[16.949,48.589],[16.953,48.599]]}},{"type":"Feature","properties":{},"geometry":{"type":"LineString","coordinates":[[17.147,48.006],[17.175,48.012],[17.277,48.004],[17.302,47.993],[17.317,47.991],[17.481,47.888],[17.635,47.81],[17.762,47.77],[17.948,47.767],[18.146,47.763],[18.476,47.777],[18.724,47.787],[18.741,47.807],[18.778,47.853],[18.748,47.893],[18.75,47.939],[18.792,48.0],[18.914,48.051],[19.265,48.073],[19.467,48.111],[19.497,48.162],[19.564,48.213],[19.625,48.223],[19.709,48.2],[19.81,48.155],[19.899,48.131],[19.95,48.147],[20.129,48.222],[20.334,48.296],[20.475,48.495],[20.49,48.527],[20.643,48.55],[20.867,48.546],[20.981,48.52],[21.067,48.506],[21.196,48.511],[21.382,48.553],[21.451,48.552],[21.505,48.522],[21.563,48.496],[21.603,48.464],[21.633,48.418],[21.649,48.401],[21.675,48.378],[21.721,48.347],[21.767,48.338],[22.111,48.393],[22.132,48.405]]}},{"type":"Feature","properties":{},"geometry":{"type":"LineString","coordinates":[[14.809,50.859],[14.814,50.872],[14.917,51.009],[14.964,51.095],[15.017,51.253],[14.953,51.377],[14.936,51.435],[14.906,51.463],[14.725,51.524],[14.711,51.545],[14.739,51.627],[14.725,51.662],[14.681,51.698],[14.624,51.771],[14.602,51.832],[14.675,51.905],[14.693,51.958],[14.725,52.031],[14.748,52.071],[14.753,52.082],[14.705,52.11],[14.692,52.15],[14.705,52.207],[14.68,52.25],[14.616,52.278],[14.574,52.314],[14.555,52.36],[14.57,52.431],[14.619,52.528],[14.514,52.646],[14.254,52.783],[14.129,52.878],[14.139,52.933],[14.194,52.982],[14.293,53.027],[14.369,53.106],[14.411,53.199],[14.412,53.217],[14.415,53.284],[14.299,53.556],[14.28,53.625],[14.266,53.707],[14.198,53.919],[14.211,53.95]]}},{"type":"Feature","properties":{},"geometry":{"type":"LineString","coordinates":[[22.877,47.947],[22.856,47.96],[22.846,47.997],[22.857,48.03],[22.836,48.06],[22.782,48.095],[22.769,48.11],[22.702,48.107],[22.683,48.104],[22.676,48.104],[22.582,48.134],[22.52,48.205],[22.424,48.243],[22.35,48.256],[22.317,48.287],[22.295,48.327],[22.272,48.358],[22.269,48.361],[22.254,48.407],[22.231,48.412],[22.227,48.413],[22.132,48.405]]}},{"type":"Feature","properties":{},"geometry":{"type":"LineString","coordinates":[[28.585,43.742],[28.423,43.74],[28.375,43.745],[28.222,43.773],[28.05,43.822],[27.949,43.919],[27.884,43.987],[27.739,43.956],[27.711,43.965],[27.671,43.998],[27.561,44.02],[27.425,44.021],[27.121,44.146],[27.087,44.167],[26.848,44.146],[26.489,44.084],[26.216,44.007],[25.933,43.871],[25.819,43.767],[25.686,43.712],[25.497,43.671],[25.16,43.686],[24.808,43.738],[24.431,43.794],[24.227,43.763],[23.951,43.787],[23.535,43.854],[23.225,43.874],[22.919,43.834],[22.868,43.865],[22.856,43.899],[22.868,43.948],[22.911,43.987],[22.985,44.017],[23.024,44.047],[23.028,44.078],[22.945,44.127],[22.775,44.195],[22.705,44.238]]}},{"type":"Feature","properties":{},"geometry":{"type":"LineString","coordinates":[[20.242,46.109],[20.301,46.051],[20.359,45.975],[20.438,45.941],[20.533,45.9],[20.581,45.87],[20.653,45.779],[20.709,45.735],[20.728,45.737],[20.747,45.749],[20.76,45.758],[20.775,45.75],[20.776,45.723],[20.779,45.662],[20.766,45.597],[20.786,45.536],[20.787,45.517],[20.773,45.5],[20.774,45.484],[20.794,45.468],[20.871,45.428],[20.942,45.365],[21.024,45.322],[21.1,45.294],[21.148,45.292],[21.226,45.241],[21.382,45.205],[21.431,45.193],[21.465,45.172],[21.49,45.148],[21.492,45.122],[21.468,45.11],[21.434,45.075],[21.421,45.033],[21.396,45.022],[21.371,45.021],[21.353,45.009],[21.357,44.991],[21.378,44.973],[21.41,44.958],[21.472,44.942],[21.533,44.919],[21.532,44.901],[21.52,44.881],[21.442,44.873],[21.384,44.87],[21.358,44.862],[21.36,44.827]]}},{"type":"Feature","properties":{},"geometry":{"type":"LineString","coordinates":[[22.916,41.336],[23.026,41.326],[23.156,41.322],[23.24,41.385],[23.372,41.39],[23.433,41.399],[23.536,41.386],[23.635,41.387],[23.762,41.413],[23.881,41.456],[23.974,41.452],[24.011,41.46],[24.033,41.469],[24.056,41.527],[24.23,41.531],[24.289,41.525],[24.387,41.524],[24.488,41.555],[24.518,41.553],[24.569,41.467],[24.596,41.443],[24.651,41.42],[24.774,41.356],[24.796,41.373],[24.847,41.394],[24.994,41.365],[25.133,41.316],[25.251,41.244],[25.382,41.264],[25.527,41.3],[25.622,41.31],[25.724,41.315],[25.785,41.33],[25.923,41.312],[26.066,41.351],[26.135,41.386],[26.155,41.435],[26.144,41.522],[26.111,41.608],[26.077,41.64],[26.066,41.673],[26.086,41.704],[26.107,41.726],[26.201,41.744],[26.321,41.717],[26.411,41.696],[26.462,41.663],[26.495,41.633],[26.545,41.607],[26.581,41.601],[26.61,41.512],[26.625,41.402],[26.602,41.354],[26.536,41.343],[26.331,41.239],[26.326,41.143],[26.328,41.097],[26.333,41.064],[26.354,41.037],[26.354,40.997],[26.331,40.955],[26.241,40.883],[26.179,40.827],[26.109,40.75],[26.07,40.74],[26.039,40.727]]}},{"type":"Feature","properties":{},"geometry":{"type":"LineString","coordinates":[[20.064,42.547],[20.046,42.55],[19.939,42.507],[19.86,42.486],[19.788,42.476],[19.754,42.497],[19.738,42.525],[19.741,42.607],[19.728,42.635],[19.703,42.648],[19.654,42.629],[19.597,42.565],[19.545,42.492],[19.465,42.415],[19.4,42.342],[19.329,42.249],[19.281,42.173],[19.331,42.129],[19.361,42.069],[19.352,42.024],[19.361,41.998],[19.345,41.919],[19.342,41.869]]}},{"type":"Feature","properties":{},"geometry":{"type":"LineString","coordinates":[[26.619,48.26],[26.714,48.263],[26.787,48.256],[26.901,48.211],[26.981,48.155],[27.012,48.111],[27.08,48.048],[27.152,47.959],[27.231,47.842],[27.248,47.782],[27.278,47.718],[27.337,47.64],[27.449,47.553],[27.465,47.537],[27.516,47.476],[27.614,47.341],[27.696,47.286],[27.768,47.228],[27.802,47.168],[27.854,47.114],[27.974,47.043],[28.072,46.978],[28.15,46.792],[28.205,46.706],[28.239,46.641],[28.223,46.508],[28.244,46.451],[28.2,46.348],[28.119,46.139],[28.1,45.973],[28.114,45.883],[28.116,45.826],[28.135,45.789],[28.156,45.713],[28.16,45.647],[28.131,45.628],[28.09,45.613],[28.075,45.599],[28.112,45.569],[28.163,45.514],[28.212,45.45]]}},{"type":"Feature","properties":{},"geometry":{"type":"LineString","coordinates":[[22.877,47.947],[22.913,47.964],[23.055,48.007],[23.091,48.049],[23.139,48.087],[23.203,48.085],[23.408,47.99],[23.629,47.996],[23.669,47.992],[23.682,47.99],[23.709,47.983],[24.002,47.936],[24.047,47.941],[24.06,47.945],[24.178,47.906],[24.282,47.911],[24.381,47.938],[24.484,47.947],[24.579,47.931],[24.651,47.877],[24.838,47.761],[24.893,47.718],[24.979,47.724],[25.074,47.746],[25.17,47.823],[25.464,47.911],[25.689,47.932],[25.909,47.968],[26.163,47.993],[26.236,48.064],[26.277,48.113],[26.306,48.204],[26.442,48.23],[26.572,48.248],[26.619,48.26]]}},{"type":"Feature","properties":{},"geometry":{"type":"LineString","coordinates":[[22.539,49.073],[22.58,49.077],[22.701,49.04],[22.81,49.021],[22.84,49.039],[22.852,49.063],[22.847,49.081],[22.76,49.136],[22.706,49.171],[22.702,49.193],[22.722,49.241],[22.732,49.295],[22.72,49.354],[22.661,49.484],[22.649,49.539],[22.706,49.606],[22.891,49.766],[22.952,49.826],[23.036,49.899],[23.265,50.073],[23.409,50.174],[23.506,50.23],[23.649,50.327],[23.712,50.377],[23.973,50.41],[24.005,50.457],[24.053,50.508],[24.09,50.53],[24.095,50.617],[24.046,50.723],[24.007,50.76],[23.978,50.786],[23.997,50.809],[24.026,50.816],[24.062,50.82],[24.106,50.845],[24.096,50.873],[23.986,50.94],[23.938,50.993],[23.863,51.126],[23.712,51.265],[23.664,51.31],[23.658,51.352],[23.68,51.395],[23.659,51.449],[23.605,51.518]]}},{"type":"Feature","properties":{},"geometry":{"type":"LineString","coordinates":[[22.608,55.0],[22.627,54.971],[22.737,54.929],[22.825,54.871],[22.831,54.838],[22.71,54.633],[22.684,54.563],[22.68,54.493],[22.724,54.406],[22.766,54.357]]}},{"type":"Feature","properties":{},"geometry":{"type":"LineString","coordinates":[[31.763,52.101],[31.759,52.126],[31.691,52.221],[31.65,52.262],[31.602,52.285],[31.577,52.312],[31.577,52.426],[31.586,52.532],[31.616,52.546],[31.526,52.633],[31.519,52.699],[31.563,52.731],[31.565,52.759],[31.535,52.798],[31.443,52.862],[31.353,52.933],[31.295,52.99],[31.259,53.017],[31.303,53.061],[31.365,53.139],[31.388,53.185],[31.418,53.196],[31.563,53.202],[31.668,53.201],[31.747,53.184],[31.777,53.147],[31.85,53.106],[32.055,53.089],[32.142,53.091],[32.251,53.128],[32.426,53.211],[32.469,53.27],[32.578,53.312],[32.644,53.329],[32.704,53.336],[32.71,53.371],[32.706,53.419],[32.686,53.448],[32.47,53.547],[32.442,53.579],[32.425,53.617],[32.451,53.653],[32.45,53.693],[32.2,53.781],[31.992,53.797],[31.821,53.792],[31.754,53.81],[31.783,53.855],[31.825,53.935],[31.838,54.001],[31.826,54.031],[31.792,54.056],[31.628,54.111],[31.404,54.196],[31.299,54.292],[31.246,54.392],[31.185,54.453],[31.075,54.492],[31.082,54.517],[31.155,54.611],[31.152,54.625],[31.121,54.648],[30.984,54.696],[30.799,54.783],[30.791,54.806],[30.804,54.861],[30.83,54.915],[30.867,54.941],[30.927,55.0]]}},{"type":"Feature","properties":{},"geometry":{"type":"LineString","coordinates":[[31.763,52.101],[31.782,52.099],[31.876,52.071],[31.974,52.047],[32.042,52.045],[32.122,52.051],[32.217,52.083],[32.283,52.114],[32.363,52.272],[32.391,52.295],[32.435,52.307],[32.508,52.309],[32.645,52.279],[32.807,52.253],[32.9,52.256],[33.148,52.34],[33.287,52.354],[33.452,52.334],[33.613,52.333],[33.735,52.345],[33.819,52.316],[33.922,52.251],[34.015,52.156],[34.113,51.98],[34.398,51.78],[34.403,51.741],[34.379,51.717],[34.239,51.692],[34.121,51.679],[34.115,51.645],[34.147,51.608],[34.201,51.554],[34.209,51.484],[34.207,51.42],[34.23,51.363],[34.275,51.34],[34.281,51.312],[34.228,51.277],[34.214,51.255],[34.234,51.244],[34.491,51.237],[34.617,51.203],[34.712,51.172],[34.76,51.169],[34.869,51.189],[34.99,51.202],[35.064,51.203],[35.093,51.181],[35.115,51.121],[35.158,51.061],[35.198,51.044],[35.269,51.047],[35.312,51.044],[35.335,51.021],[35.309,50.987],[35.315,50.95],[35.346,50.904],[35.383,50.799],[35.417,50.768],[35.44,50.728],[35.44,50.682],[35.412,50.642],[35.392,50.611],[35.412,50.54],[35.489,50.46],[35.546,50.44],[35.591,50.369],[35.674,50.346],[35.796,50.406],[35.89,50.437],[36.008,50.42],[36.116,50.409],[36.189,50.368],[36.243,50.312],[36.306,50.28],[36.369,50.297],[36.5,50.28],[36.56,50.235],[36.619,50.209],[36.696,50.246],[36.759,50.292],[36.989,50.34],[37.131,50.352],[37.171,50.361],[37.255,50.395],[37.343,50.418],[37.423,50.411],[37.501,50.341],[37.582,50.292],[37.605,50.215],[37.704,50.109],[37.95,49.964],[38.047,49.92],[38.112,49.928],[38.147,49.939],[38.163,49.955],[38.178,50.025],[38.209,50.051],[38.259,50.052],[38.451,49.964],[38.552,49.955],[38.648,49.953],[38.777,49.884],[38.918,49.825],[39.028,49.818],[39.115,49.842],[39.175,49.856],[39.212,49.833],[39.246,49.782],[39.303,49.742],[39.368,49.731],[39.463,49.728],[39.627,49.651],[39.781,49.572],[39.877,49.568],[39.959,49.591],[40.031,49.597],[40.081,49.577],[40.095,49.543],[40.058,49.497],[40.058,49.432],[40.126,49.369],[40.128,49.307],[40.109,49.252],[40.07,49.2],[39.976,49.13],[39.89,49.064],[39.759,49.037],[39.687,49.008],[39.706,48.96],[39.753,48.914],[39.864,48.878],[39.989,48.851],[40.004,48.822],[39.984,48.807],[39.904,48.794],[39.793,48.808],[39.756,48.782],[39.705,48.739],[39.67,48.662],[39.645,48.591],[39.765,48.572],[39.836,48.543],[39.858,48.484],[39.883,48.419],[39.89,48.36],[39.85,48.332],[39.847,48.303],[39.866,48.288],[39.918,48.282],[39.958,48.269],[39.961,48.238],[39.885,48.168],[39.814,48.035],[39.776,47.964],[39.779,47.888],[39.736,47.845],[39.658,47.841],[39.391,47.834],[39.158,47.837],[39.058,47.849],[38.9,47.855],[38.822,47.837],[38.719,47.714],[38.641,47.666],[38.511,47.622],[38.369,47.61],[38.287,47.559],[38.259,47.48],[38.257,47.409],[38.243,47.374],[38.212,47.343],[38.201,47.321],[38.208,47.297],[38.241,47.288],[38.281,47.277],[38.281,47.259],[38.265,47.237],[38.221,47.213],[38.201,47.175],[38.206,47.136],[38.214,47.091]]}},{"type":"Feature","properties":{},"geometry":{"type":"LineString","coordinates":[[43.439,41.107],[43.455,41.065],[43.517,41.005],[43.592,40.968],[43.632,40.929],[43.696,40.794],[43.723,40.72],[43.713,40.648],[43.668,40.574],[43.569,40.482],[43.594,40.444],[43.616,40.393],[43.608,40.357],[43.678,40.239],[43.71,40.166],[43.683,40.15],[43.666,40.126],[43.792,40.07],[43.942,40.023],[44.005,40.014],[44.178,40.036],[44.289,40.04],[44.4,39.996],[44.56,39.888],[44.734,39.746],[44.768,39.704],[44.783,39.685]]}},{"type":"Feature","properties":{},"geometry":{"type":"LineString","coordinates":[[35.893,35.917],[35.968,35.91],[36.127,35.831],[36.154,35.834],[36.202,35.938],[36.249,35.973],[36.348,36.004],[36.375,36.171],[36.421,36.203],[36.477,36.221],[36.562,36.224],[36.637,36.234],[36.641,36.264],[36.537,36.457],[36.547,36.506],[36.597,36.701],[36.628,36.778],[36.659,36.803],[36.777,36.793],[36.942,36.758],[36.985,36.702],[37.066,36.653],[37.187,36.656],[37.327,36.647],[37.436,36.643],[37.524,36.678],[37.72,36.744],[37.818,36.766],[37.907,36.795],[38.192,36.902],[38.306,36.893],[38.384,36.879],[38.444,36.862],[38.578,36.789],[38.689,36.715],[38.767,36.693],[38.906,36.695],[39.108,36.681],[39.357,36.682],[39.501,36.702],[39.686,36.739],[40.016,36.826],[40.45,37.009],[40.706,37.098],[40.816,37.108],[40.959,37.109],[41.102,37.086],[41.265,37.069],[41.34,37.071],[41.516,37.089],[41.744,37.126],[41.887,37.156],[42.06,37.206],[42.168,37.289],[42.203,37.297],[42.248,37.282],[42.269,37.277],[42.313,37.23],[42.359,37.109]]}},{"type":"Feature","properties":{},"geometry":{"type":"LineString","coordinates":[[35.451,31.479],[35.423,31.325],[35.424,31.325],[35.401,31.23],[35.41,31.214],[35.439,31.132],[35.383,30.982],[35.32,30.86],[35.298,30.802],[35.237,30.673],[35.174,30.524],[35.141,30.421],[35.148,30.384],[35.133,30.195],[35.142,30.142],[35.068,29.978],[35.053,29.897],[35.024,29.787],[34.973,29.555]]}},{"type":"Feature","properties":{},"geometry":{"type":"LineString","coordinates":[[35.551,32.396],[35.572,32.238],[35.535,32.103],[35.532,31.985],[35.559,31.766],[35.499,31.672],[35.465,31.562],[35.451,31.479]]}},{"type":"Feature","properties":{},"geometry":{"type":"LineString","coordinates":[[35.611,32.682],[35.594,32.668],[35.573,32.641],[35.569,32.62],[35.551,32.396]]}},{"type":"Feature","properties":{},"geometry":{"type":"MultiLineString","coordinates":[[[27.403,5.109],[27.115,5.198],[27.072,5.2],[27.021,5.184],[26.87,5.076],[26.822,5.062],[26.768,5.072],[26.633,5.085],[26.174,5.171],[25.82,5.254],[25.714,5.284],[25.525,5.312],[25.4,5.256],[25.283,5.063],[25.249,5.025],[25.17,5.0]],[[24.478,5.0],[24.437,5.01],[24.363,5.0]],[[19.913,5.0],[19.862,5.031],[19.807,5.089],[19.686,5.121],[19.501,5.127],[19.323,5.071],[19.223,5.0]]]}},{"type":"Feature","properties":{},"geometry":{"type":"LineString","coordinates":[[35.268,5.492],[35.252,5.511],[35.164,5.581],[35.082,5.673],[35.032,5.775],[34.984,5.858],[34.959,6.045],[34.898,6.16],[34.838,6.3],[34.749,6.568],[34.711,6.66],[34.639,6.722],[34.563,6.78],[34.484,6.898],[34.279,7.003],[34.2,7.085],[34.064,7.226],[34.03,7.297],[34.02,7.368],[33.978,7.435],[33.902,7.51],[33.666,7.671],[33.601,7.69],[33.516,7.708],[33.392,7.724],[33.226,7.761],[33.081,7.824],[33.015,7.869],[32.999,7.9],[33.013,7.952],[33.065,8.04],[33.165,8.251],[33.234,8.396],[33.281,8.437],[33.409,8.448],[33.545,8.443],[33.645,8.433],[33.785,8.431],[33.953,8.443],[34.02,8.492],[34.073,8.545],[34.095,8.582],[34.102,8.676],[34.102,8.752],[34.091,9.041],[34.085,9.219],[34.077,9.421],[34.078,9.461]]}},{"type":"Feature","properties":{},"geometry":{"type":"LineString","coordinates":[[22.86,10.92],[22.817,10.927],[22.73,10.954],[22.624,10.977],[22.494,10.996],[22.37,10.952],[22.236,10.894],[22.194,10.851],[22.156,10.826],[22.097,10.83],[22.043,10.823],[22.014,10.782],[21.965,10.737],[21.772,10.643],[21.731,10.609],[21.707,10.575],[21.707,10.538],[21.726,10.462],[21.726,10.367],[21.683,10.29],[21.633,10.238],[21.576,10.219],[21.528,10.208],[21.497,10.176],[21.396,10.001],[21.352,9.969],[21.264,9.975],[21.009,9.713],[20.984,9.636],[20.891,9.527],[20.773,9.406],[20.668,9.347],[20.66,9.324],[20.631,9.301],[20.567,9.275],[20.342,9.127],[20.073,9.133],[19.954,9.075],[19.838,9.049],[19.668,9.021],[19.617,9.024],[19.4,9.012],[19.146,9.016],[19.048,8.995],[18.956,8.939],[18.888,8.89],[18.878,8.873],[18.889,8.853],[18.886,8.836],[19.064,8.715],[19.109,8.656],[19.064,8.599],[19.042,8.59],[19.04,8.587],[19.011,8.541],[18.906,8.405],[18.747,8.244],[18.666,8.198],[18.634,8.168],[18.592,8.061],[18.564,8.046],[18.455,8.032],[18.239,8.02],[17.94,7.985],[17.761,7.974],[17.649,7.984],[17.493,7.91],[17.436,7.891],[17.402,7.885],[17.247,7.813],[17.118,7.702],[17.072,7.681],[16.89,7.634],[16.818,7.557],[16.785,7.551],[16.668,7.652],[16.589,7.743],[16.55,7.836],[16.545,7.865],[16.523,7.86],[16.459,7.819],[16.404,7.772],[16.379,7.684],[16.191,7.623],[16.031,7.572],[15.958,7.508],[15.845,7.475],[15.701,7.488],[15.589,7.515],[15.48,7.524]]}},{"type":"Feature","properties":{},"geometry":{"type":"LineString","coordinates":[[15.48,7.524],[15.532,7.604],[15.553,7.664],[15.558,7.738],[15.55,7.788],[15.484,7.813],[15.443,7.852],[15.349,8.084],[15.252,8.322],[15.116,8.557],[14.968,8.707],[14.861,8.799],[14.826,8.81],[14.771,8.839],[14.733,8.866],[14.536,9.025],[14.332,9.204],[14.28,9.285],[14.178,9.406],[14.064,9.532],[14.005,9.589],[13.977,9.692],[14.056,9.784],[14.14,9.902],[14.243,9.98],[14.377,9.985],[14.598,9.953],[14.836,9.942],[15.072,9.966],[15.133,9.983],[15.193,9.982],[15.32,9.954],[15.541,9.96],[15.655,10.008],[15.532,10.088],[15.4,10.217],[15.276,10.357],[15.201,10.485],[15.132,10.648],[15.069,10.851],[15.03,11.114],[15.036,11.263],[15.055,11.369],[15.122,11.541],[15.078,11.643],[15.088,11.724],[15.081,11.846],[15.06,11.907],[14.974,12.108],[14.957,12.13],[14.881,12.269],[14.847,12.502],[14.761,12.656],[14.623,12.73],[14.545,12.82],[14.516,12.98],[14.462,13.022],[14.245,13.077],[14.064,13.079]]}},{"type":"Feature","properties":{},"geometry":{"type":"LineString","coordinates":[[14.064,13.079],[14.16,12.613],[14.17,12.524],[14.178,12.484],[14.185,12.447],[14.197,12.384],[14.273,12.357],[14.415,12.344],[14.519,12.298],[14.581,12.222],[14.587,12.209],[14.62,12.151],[14.627,12.109],[14.618,11.987],[14.597,11.83],[14.562,11.729],[14.582,11.591],[14.575,11.532],[14.56,11.492],[14.496,11.446],[14.409,11.401],[14.202,11.268],[14.143,11.249],[14.057,11.245],[13.981,11.212],[13.892,11.14],[13.7,10.873],[13.535,10.605],[13.478,10.383],[13.415,10.171],[13.27,10.036],[13.25,9.96],[13.244,9.916],[13.239,9.814],[13.221,9.645],[13.199,9.564],[13.175,9.54],[13.019,9.488],[12.929,9.426],[12.876,9.304],[12.856,9.171],[12.824,9.019],[12.807,8.887],[12.782,8.818],[12.731,8.746],[12.652,8.668],[12.583,8.624],[12.404,8.596],[12.311,8.42],[12.233,8.282],[12.231,8.227],[12.156,7.942],[12.025,7.728],[12.017,7.652],[12.016,7.59],[11.852,7.401],[11.809,7.345],[11.767,7.272],[11.809,7.202],[11.855,7.138],[11.861,7.116],[11.787,7.056],[11.658,6.952],[11.58,6.889],[11.563,6.855],[11.552,6.697],[11.529,6.655],[11.478,6.597],[11.402,6.534],[11.325,6.485],[11.237,6.451],[11.153,6.438],[11.106,6.458],[11.08,6.506],[11.033,6.698],[11.009,6.739],[10.954,6.777],[10.847,6.882],[10.738,6.988],[10.606,7.063],[10.578,7.058],[10.556,7.037],[10.519,6.93],[10.482,6.891],[10.413,6.878],[10.293,6.877],[10.206,6.892],[10.186,6.913],[10.168,6.959],[10.144,6.996],[10.039,6.921],[9.874,6.803],[9.821,6.784],[9.78,6.76],[9.726,6.65],[9.66,6.532],[9.574,6.47],[9.49,6.419],[9.442,6.373],[9.373,6.32],[9.239,6.186],[9.06,6.009],[8.997,5.918],[8.935,5.781],[8.899,5.63],[8.859,5.464],[8.801,5.197],[8.716,5.047],[8.686,5.0]]}},{"type":"Feature","properties":{},"geometry":{"type":"LineString","coordinates":[[3.595,11.696],[3.653,11.732],[3.665,11.762],[3.647,11.8],[3.618,11.828],[3.612,11.887],[3.62,11.927],[3.641,11.97],[3.633,12.062],[3.634,12.202],[3.644,12.405],[3.647,12.53],[3.769,12.622],[3.948,12.775],[4.039,12.935],[4.087,13.055],[4.148,13.458],[4.191,13.482],[4.242,13.501],[4.421,13.648],[4.559,13.702],[4.665,13.733],[4.823,13.76],[4.922,13.749],[5.101,13.743],[5.242,13.757],[5.362,13.837],[5.416,13.859],[5.492,13.873],[5.838,13.765],[6.184,13.664],[6.247,13.673],[6.3,13.659],[6.386,13.604],[6.514,13.485],[6.59,13.409],[6.627,13.364],[6.804,13.108],[6.871,13.043],[6.937,13.008],[7.005,12.996],[7.057,13.0],[7.106,13.029],[7.173,13.086],[7.275,13.112],[7.358,13.107],[7.789,13.338],[7.831,13.341],[7.956,13.323],[8.095,13.291],[8.456,13.06],[8.751,12.908],[8.958,12.857],[9.202,12.821],[9.616,12.811],[9.929,13.135],[10.045,13.206],[10.185,13.27],[10.23,13.281],[10.476,13.33],[10.959,13.372],[11.412,13.354],[11.501,13.341],[11.693,13.298],[11.99,13.192],[12.118,13.09],[12.319,13.074],[12.463,13.094],[12.51,13.194],[12.655,13.327],[12.76,13.38],[12.872,13.449],[13.048,13.535],[13.194,13.573],[13.324,13.671],[13.427,13.702],[13.606,13.705]]}},{"type":"Feature","properties":{},"geometry":{"type":"LineString","coordinates":[[1.187,6.089],[1.185,6.145],[1.14,6.155],[1.084,6.174],[1.05,6.203],[1.002,6.269],[0.985,6.32],[0.912,6.329],[0.823,6.386],[0.737,6.453],[0.707,6.519],[0.715,6.549],[0.702,6.581],[0.673,6.593],[0.596,6.742],[0.548,6.802],[0.526,6.851],[0.533,6.888],[0.523,6.939],[0.538,6.98],[0.579,7.004],[0.592,7.034],[0.596,7.097],[0.62,7.227],[0.635,7.354],[0.591,7.389],[0.537,7.399],[0.51,7.435],[0.499,7.495],[0.5,7.547],[0.605,7.728],[0.584,8.146],[0.599,8.21],[0.647,8.253],[0.688,8.304],[0.686,8.355],[0.616,8.48],[0.483,8.575],[0.415,8.653],[0.379,8.722],[0.373,8.759],[0.453,8.814],[0.489,8.851],[0.493,8.895],[0.46,8.974],[0.466,9.115],[0.497,9.221],[0.529,9.358],[0.526,9.398],[0.448,9.48],[0.405,9.491],[0.371,9.486],[0.289,9.432],[0.26,9.426],[0.242,9.442],[0.233,9.464],[0.262,9.496],[0.252,9.536],[0.276,9.571],[0.327,9.587],[0.343,9.604],[0.273,9.621],[0.265,9.645],[0.27,9.668],[0.29,9.672],[0.312,9.671],[0.324,9.688],[0.335,9.804],[0.343,9.845],[0.352,9.925],[0.363,10.236],[0.379,10.269],[0.381,10.292],[0.332,10.307],[0.216,10.391],[0.148,10.455],[0.089,10.521],[0.039,10.564],[-0.058,10.631],[-0.086,10.673],[-0.09,10.716],[-0.061,10.801],[-0.014,10.891],[0.009,11.021],[-0.005,11.056],[-0.069,11.116]]}},{"type":"Feature","properties":{},"geometry":{"type":"LineString","coordinates":[[-2.696,9.481],[-2.686,9.432],[-2.706,9.351],[-2.702,9.302],[-2.674,9.283],[-2.689,9.219],[-2.747,9.11],[-2.747,9.045],[-2.69,9.025],[-2.649,8.957],[-2.625,8.84],[-2.6,8.8],[-2.598,8.776],[-2.557,8.493],[-2.506,8.209],[-2.538,8.172],[-2.583,8.161],[-2.612,8.148],[-2.62,8.121],[-2.601,8.082],[-2.613,8.047],[-2.669,8.022],[-2.79,7.932],[-2.798,7.896],[-2.83,7.819],[-2.857,7.772],[-2.896,7.685],[-2.959,7.455],[-2.982,7.264],[-2.986,7.205],[-3.01,7.164],[-3.038,7.105],[-3.169,6.941],[-3.236,6.807],[-3.227,6.749],[-3.224,6.691],[-3.244,6.649],[-3.24,6.536],[-3.224,6.441],[-3.201,6.348],[-3.106,6.086],[-3.056,5.926],[-3.025,5.798],[-2.998,5.711],[-2.973,5.676],[-2.962,5.643],[-2.821,5.619],[-2.794,5.6],[-2.755,5.433],[-2.762,5.357],[-2.79,5.328],[-2.789,5.264],[-2.795,5.185],[-2.816,5.153],[-2.895,5.149],[-2.948,5.119],[-3.019,5.131],[-3.087,5.128],[-3.114,5.089]]}},{"type":"Feature","properties":{},"geometry":{"type":"LineString","coordinates":[[-5.524,10.426],[-5.507,10.483],[-5.479,10.565],[-5.476,10.644],[-5.457,10.771],[-5.469,10.931],[-5.49,11.042],[-5.424,11.089],[-5.347,11.13],[-5.3,11.206],[-5.25,11.376],[-5.229,11.522],[-5.245,11.577],[-5.27,11.62],[-5.291,11.683],[-5.302,11.76],[-5.288,11.828],[-5.23,11.89],[-5.158,11.942],[-5.106,11.968],[-4.969,11.993],[-4.798,12.032],[-4.699,12.076],[-4.627,12.12],[-4.587,12.155],[-4.546,12.226],[-4.48,12.282],[-4.429,12.338],[-4.422,12.493],[-4.422,12.582],[-4.46,12.63],[-4.481,12.672],[-4.227,12.794],[-4.225,12.879],[-4.261,12.975],[-4.31,13.052],[-4.329,13.119],[-4.259,13.197],[-4.196,13.256],[-4.151,13.306],[-4.051,13.382],[-3.947,13.402],[-3.853,13.374],[-3.576,13.194],[-3.528,13.183],[-3.47,13.196],[-3.397,13.244],[-3.302,13.281],[-3.267,13.401],[-3.27,13.577],[-3.249,13.658],[-3.198,13.673],[-3.039,13.639],[-2.997,13.637],[-2.951,13.648],[-2.917,13.679],[-2.918,13.736],[-2.926,13.787],[-2.874,13.951],[-2.779,14.074],[-2.587,14.228],[-2.527,14.258],[-2.457,14.274],[-2.113,14.168],[-2.057,14.195],[-1.973,14.457],[-1.88,14.481],[-1.768,14.486],[-1.695,14.508],[-1.657,14.527],[-1.494,14.626],[-1.205,14.762],[-1.05,14.82],[-1.019,14.841],[-0.908,14.937],[-0.76,15.048],[-0.666,15.07],[-0.537,15.078],[-0.454,15.06],[-0.432,15.029],[-0.405,15.013],[-0.236,15.059],[0.007,14.985],[0.217,14.911]]}},{"type":"Feature","properties":{},"geometry":{"type":"LineString","coordinates":[[-2.696,9.481],[-2.717,9.457],[-2.767,9.425],[-2.817,9.426],[-2.875,9.501],[-2.901,9.535],[-2.948,9.611],[-2.988,9.687],[-3.043,9.721],[-3.096,9.752],[-3.161,9.849],[-3.224,9.895],[-3.29,9.882],[-3.386,9.9],[-3.581,9.924],[-3.791,9.917],[-3.878,9.895],[-3.963,9.86],[-4.181,9.782],[-4.267,9.743],[-4.332,9.646],[-4.406,9.648],[-4.48,9.679],[-4.527,9.723],[-4.626,9.714],[-4.722,9.757],[-4.814,9.841],[-4.883,9.869],[-4.97,9.93],[-4.994,10.046],[-5.049,10.128],[-5.1,10.242],[-5.175,10.293],[-5.262,10.32],[-5.382,10.314],[-5.461,10.36],[-5.524,10.426]]}},{"type":"Feature","properties":{},"geometry":{"type":"LineString","coordinates":[[-8.486,7.559],[-8.467,7.547],[-8.437,7.516],[-8.409,7.412],[-8.297,7.074],[-8.302,6.981],[-8.324,6.92],[-8.325,6.86],[-8.333,6.802],[-8.401,6.705],[-8.604,6.508],[-8.588,6.491],[-8.54,6.468],[-8.49,6.456],[-8.45,6.463],[-8.399,6.413],[-8.345,6.351],[-8.287,6.319],[-8.204,6.291],[-8.131,6.288],[-8.069,6.298],[-7.982,6.286],[-7.889,6.235],[-7.856,6.15],[-7.833,6.076],[-7.801,6.039],[-7.797,5.975],[-7.73,5.919],[-7.636,5.908],[-7.514,5.842],[-7.483,5.846],[-7.469,5.854],[-7.454,5.841],[-7.424,5.651],[-7.4,5.551],[-7.412,5.51],[-7.429,5.478],[-7.43,5.325],[-7.485,5.236],[-7.494,5.14],[-7.51,5.108],[-7.569,5.081],[-7.569,5.006],[-7.57,5.0]]}},{"type":"Feature","properties":{},"geometry":{"type":"LineString","coordinates":[[-8.486,7.559],[-8.522,7.586],[-8.564,7.625],[-8.579,7.677],[-8.607,7.688],[-8.66,7.688],[-8.708,7.659],[-8.729,7.605],[-8.733,7.544],[-8.74,7.496],[-8.769,7.467],[-8.828,7.392],[-8.856,7.323],[-8.89,7.263],[-8.938,7.266],[-8.961,7.275],[-8.977,7.259],[-9.052,7.225],[-9.118,7.216],[-9.135,7.251],[-9.173,7.278],[-9.215,7.333],[-9.263,7.378],[-9.355,7.409],[-9.392,7.395],[-9.435,7.398],[-9.464,7.416],[-9.46,7.443],[-9.411,7.51],[-9.384,7.572],[-9.369,7.64],[-9.369,7.704],[-9.395,7.795],[-9.436,7.867],[-9.446,7.909],[-9.442,7.968],[-9.451,8.023],[-9.465,8.052],[-9.471,8.107],[-9.484,8.157],[-9.508,8.176],[-9.522,8.26],[-9.518,8.346],[-9.554,8.379],[-9.61,8.402],[-9.643,8.436],[-9.664,8.474],[-9.684,8.484],[-9.701,8.482],[-9.717,8.459],[-9.736,8.454],[-9.768,8.535],[-9.782,8.538],[-9.805,8.519],[-10.064,8.43],[-10.076,8.465],[-10.098,8.506],[-10.147,8.52],[-10.233,8.489],[-10.283,8.485]]}},{"type":"Feature","properties":{},"geometry":{"type":"LineString","coordinates":[[-5.524,10.426],[-5.557,10.44],[-5.694,10.433],[-5.844,10.39],[-5.896,10.355],[-5.908,10.307],[-5.941,10.275],[-5.989,10.239],[-6.035,10.195],[-6.117,10.202],[-6.197,10.232],[-6.238,10.262],[-6.241,10.279],[-6.215,10.322],[-6.193,10.369],[-6.191,10.4],[-6.218,10.476],[-6.24,10.558],[-6.231,10.597],[-6.25,10.718],[-6.261,10.724],[-6.366,10.693],[-6.404,10.685],[-6.426,10.672],[-6.433,10.649],[-6.408,10.572],[-6.424,10.559],[-6.483,10.561],[-6.565,10.586],[-6.654,10.656],[-6.676,10.634],[-6.686,10.578],[-6.692,10.512],[-6.669,10.392],[-6.693,10.349],[-6.753,10.357],[-6.834,10.357],[-6.904,10.345],[-6.95,10.342],[-6.979,10.3],[-6.992,10.252],[-6.964,10.199],[-6.968,10.176],[-6.989,10.156],[-7.017,10.143],[-7.04,10.145],[-7.105,10.204],[-7.182,10.226],[-7.363,10.259],[-7.385,10.34],[-7.415,10.341],[-7.457,10.384],[-7.498,10.44],[-7.533,10.437],[-7.562,10.421],[-7.661,10.427],[-7.749,10.342],[-7.814,10.237],[-7.884,10.186],[-7.961,10.163],[-7.991,10.163]]}},{"type":"Feature","properties":{},"geometry":{"type":"LineString","coordinates":[[-15.043,10.94],[-14.999,10.992],[-14.944,11.072],[-14.779,11.406],[-14.72,11.482],[-14.683,11.508],[-14.605,11.512],[-14.452,11.556],[-14.328,11.63],[-14.266,11.66],[-14.122,11.652],[-13.953,11.665],[-13.733,11.736],[-13.729,11.834],[-13.731,11.96],[-13.738,12.01],[-13.816,12.055],[-13.862,12.093],[-13.901,12.143],[-13.949,12.178],[-13.947,12.215],[-13.887,12.247],[-13.849,12.263],[-13.76,12.262],[-13.73,12.281],[-13.708,12.313],[-13.682,12.393],[-13.674,12.478],[-13.733,12.593],[-13.729,12.674]]}},{"type":"Feature","properties":{},"geometry":{"type":"LineString","coordinates":[[-11.389,12.404],[-11.418,12.378],[-11.448,12.319],[-11.475,12.247],[-11.502,12.199],[-11.492,12.167],[-11.415,12.104],[-11.305,12.015],[-11.261,12.004],[-11.21,12.025],[-11.129,12.095],[-11.066,12.171],[-11.005,12.207],[-10.933,12.205],[-10.876,12.152],[-10.806,12.034],[-10.743,11.927],[-10.735,11.916],[-10.709,11.899],[-10.677,11.899],[-10.644,11.926],[-10.619,11.941],[-10.59,11.99],[-10.466,12.139],[-10.373,12.18],[-10.34,12.19],[-10.275,12.213],[-10.167,12.177],[-10.011,12.116],[-9.821,12.042],[-9.754,12.03],[-9.715,12.042],[-9.658,12.143],[-9.588,12.182],[-9.487,12.229],[-9.405,12.252],[-9.358,12.255],[-9.34,12.283],[-9.332,12.324],[-9.341,12.366],[-9.394,12.442],[-9.395,12.465],[-9.365,12.479],[-9.3,12.49],[-9.216,12.483],[-9.12,12.45],[-9.043,12.402],[-8.999,12.346],[-8.951,12.226],[-8.914,12.109],[-8.818,11.923],[-8.82,11.807],[-8.822,11.673],[-8.78,11.648],[-8.733,11.637],[-8.711,11.618],[-8.665,11.515],[-8.621,11.485],[-8.569,11.478],[-8.471,11.412],[-8.407,11.386],[-8.399,11.367],[-8.401,11.339],[-8.425,11.305],[-8.464,11.281],[-8.52,11.236],[-8.567,11.177],[-8.664,11.036],[-8.667,11.009],[-8.646,10.99],[-8.606,10.987],[-8.564,10.997],[-8.475,11.048],[-8.404,11.03],[-8.337,10.991],[-8.313,10.95],[-8.306,10.896],[-8.322,10.827],[-8.324,10.75],[-8.302,10.618],[-8.267,10.486],[-8.232,10.438],[-8.007,10.322],[-7.986,10.278],[-7.974,10.23],[-7.991,10.163]]}},{"type":"Feature","properties":{},"geometry":{"type":"LineString","coordinates":[[49.232,46.337],[49.184,46.349],[48.959,46.442],[48.774,46.508],[48.61,46.566],[48.586,46.577],[48.541,46.606],[48.509,46.65],[48.502,46.699],[48.519,46.734],[48.558,46.757],[48.605,46.766],[48.647,46.759],[48.694,46.737],[48.776,46.71],[48.884,46.705],[48.95,46.726],[48.959,46.775],[48.832,46.955],[48.714,47.1],[48.601,47.262],[48.553,47.321],[48.413,47.456],[48.276,47.59],[48.167,47.709],[48.11,47.745],[47.935,47.761],[47.6,47.79],[47.482,47.804],[47.387,47.769],[47.292,47.741],[47.202,47.792],[47.131,47.877],[47.093,47.948],[47.112,48.02],[47.119,48.127],[47.065,48.232],[47.004,48.284],[46.853,48.324],[46.661,48.412],[46.609,48.574],[46.703,48.806],[46.853,48.97],[46.962,49.038],[47.014,49.098],[47.031,49.15],[47.018,49.2],[46.953,49.253],[46.853,49.304],[46.802,49.367],[46.823,49.502],[46.89,49.697],[46.992,49.853],[47.13,49.939],[47.248,50.001],[47.295,50.058],[47.298,50.14],[47.295,50.218],[47.326,50.274],[47.376,50.318],[47.429,50.358],[47.504,50.403],[47.6,50.414],[47.706,50.378],[47.85,50.282],[48.061,50.094],[48.181,49.97],[48.225,49.932],[48.335,49.858],[48.434,49.829],[48.6,49.875],[48.759,49.928],[48.81,49.962],[48.843,50.013],[48.818,50.1],[48.785,50.156],[48.749,50.228],[48.701,50.354],[48.666,50.55],[48.625,50.613],[48.655,50.62],[48.735,50.607],[48.808,50.601],[48.914,50.645],[49.059,50.726],[49.323,50.852],[49.379,50.935],[49.425,51.027],[49.498,51.084],[49.666,51.102],[49.822,51.132],[49.932,51.197],[50.0,51.22]]}},{"type":"Feature","properties":{},"geometry":{"type":"LineString","coordinates":[[34.198,31.323],[34.213,31.292],[34.245,31.208],[34.329,30.995],[34.401,30.828],[34.49,30.596],[34.518,30.507],[34.53,30.446],[34.659,30.191],[34.735,29.982],[34.791,29.812],[34.87,29.564],[34.904,29.477]]}},{"type":"Feature","properties":{},"geometry":{"type":"LineString","coordinates":[[-16.562,13.587],[-16.309,13.597],[-16.002,13.593],[-15.667,13.588],[-15.51,13.586],[-15.427,13.727],[-15.27,13.789],[-15.108,13.812],[-15.024,13.806],[-14.936,13.785],[-14.766,13.669],[-14.66,13.643],[-14.571,13.616],[-14.507,13.56],[-14.405,13.504],[-14.326,13.489],[-14.278,13.497],[-14.199,13.519],[-14.147,13.536],[-13.977,13.543],[-13.853,13.479],[-13.827,13.408],[-13.847,13.335],[-14.015,13.296],[-14.247,13.236],[-14.439,13.269],[-14.672,13.352],[-14.808,13.411],[-14.865,13.435],[-14.95,13.473],[-15.025,13.513],[-15.096,13.54],[-15.151,13.557],[-15.192,13.535],[-15.212,13.485],[-15.245,13.429],[-15.286,13.396],[-15.482,13.376],[-15.657,13.356],[-15.752,13.338],[-15.814,13.325],[-15.834,13.156],[-16.033,13.158],[-16.228,13.16],[-16.431,13.157],[-16.649,13.154],[-16.705,13.12],[-16.763,13.064]]}},{"type":"Feature","properties":{},"geometry":{"type":"LineString","coordinates":[[0.217,14.911],[0.204,14.865],[0.203,14.783],[0.185,14.653],[0.164,14.497],[0.251,14.396],[0.355,14.288],[0.382,14.246],[0.355,14.139],[0.374,14.076],[0.429,13.972],[0.522,13.84],[0.618,13.703],[0.685,13.685],[0.748,13.675],[0.786,13.65],[0.842,13.626],[0.898,13.611],[0.947,13.581],[0.978,13.552],[1.018,13.468],[1.126,13.412],[1.201,13.358],[1.171,13.33],[1.077,13.341],[0.988,13.365],[0.977,13.325],[0.973,13.17],[0.987,13.042],[1.008,13.025],[1.097,13.001],[1.309,12.834],[1.501,12.676],[1.565,12.635],[1.671,12.62],[1.79,12.613],[1.841,12.628],[1.956,12.707],[2.017,12.716],[2.074,12.714],[2.105,12.701],[2.16,12.636],[2.212,12.538],[2.226,12.466],[2.221,12.427],[2.204,12.413],[2.109,12.394],[2.069,12.379],[2.058,12.358],[2.073,12.309],[2.091,12.278],[2.194,12.136],[2.343,11.946],[2.389,11.897]]}},{"type":"Feature","properties":{},"geometry":{"type":"LineString","coordinates":[[15.48,7.524],[15.379,7.358],[15.246,7.264],[15.207,7.206],[15.186,7.135],[15.157,7.064],[15.086,6.91],[15.035,6.784],[14.983,6.745],[14.862,6.556],[14.78,6.366],[14.764,6.316],[14.739,6.28],[14.699,6.25],[14.559,6.191],[14.512,6.162],[14.475,6.127],[14.441,6.087],[14.431,6.039],[14.464,5.971],[14.503,5.917],[14.543,5.914],[14.577,5.916],[14.599,5.884],[14.617,5.865],[14.617,5.496],[14.584,5.44],[14.584,5.415],[14.568,5.351],[14.563,5.28],[14.574,5.252],[14.602,5.229],[14.641,5.179],[14.662,5.066],[14.669,5.0]]}},{"type":"Feature","properties":{},"geometry":{"type":"LineString","coordinates":[[36.524,14.257],[36.492,14.544],[36.471,14.736],[36.448,14.94],[36.427,15.132],[36.522,15.25],[36.566,15.362],[36.679,15.726],[36.725,15.799],[36.813,15.994],[36.826,16.05],[36.914,16.296],[36.905,16.46],[36.888,16.625],[36.936,16.722],[36.979,16.801],[36.976,16.867],[36.995,17.021],[37.009,17.059],[37.061,17.061],[37.169,17.041],[37.249,17.057],[37.34,17.057],[37.411,17.062],[37.453,17.109],[37.51,17.288],[37.547,17.324],[37.576,17.335],[37.657,17.368],[37.726,17.421],[37.782,17.458],[37.803,17.466],[37.863,17.47],[37.923,17.492],[37.95,17.518],[38.025,17.538],[38.099,17.526],[38.149,17.549],[38.182,17.563],[38.219,17.564],[38.254,17.585],[38.267,17.617],[38.29,17.637],[38.347,17.684],[38.374,17.717],[38.385,17.751],[38.397,17.778],[38.422,17.824],[38.523,17.939],[38.609,18.005]]}},{"type":"Feature","properties":{},"geometry":{"type":"LineString","coordinates":[[42.378,12.466],[42.29,12.57],[42.225,12.662],[42.134,12.771],[42.047,12.821],[41.952,12.882],[41.86,13.026],[41.765,13.184],[41.625,13.313],[41.363,13.5],[41.122,13.736],[40.939,13.983],[40.82,14.112],[40.77,14.144],[40.524,14.225],[40.353,14.338],[40.221,14.431],[40.141,14.456],[40.062,14.459],[39.895,14.441],[39.756,14.499],[39.698,14.499],[39.605,14.516],[39.532,14.537],[39.446,14.512],[39.27,14.47],[39.198,14.479],[39.159,14.538],[39.135,14.582],[39.074,14.628],[39.024,14.628],[38.996,14.587],[38.812,14.482],[38.504,14.424],[38.431,14.429],[38.377,14.47],[38.221,14.65],[38.177,14.679],[38.142,14.681],[38.07,14.703],[38.003,14.737],[37.943,14.811],[37.884,14.852],[37.82,14.708],[37.708,14.457],[37.648,14.323],[37.571,14.149],[37.547,14.144],[37.507,14.156],[37.354,14.372],[37.257,14.454],[37.185,14.446],[37.133,14.406],[37.099,14.334],[37.064,14.289],[37.025,14.272],[36.941,14.281],[36.812,14.315],[36.679,14.308],[36.542,14.258],[36.524,14.257]]}},{"type":"Feature","properties":{},"geometry":{"type":"LineString","coordinates":[[22.766,54.357],[22.732,54.35],[22.168,54.36],[21.634,54.376],[21.141,54.392],[20.665,54.407],[20.208,54.421],[19.924,54.434],[19.644,54.447],[19.604,54.459]]}},{"type":"Feature","properties":{},"geometry":{"type":"LineString","coordinates":[[48.442,28.543],[48.269,28.541],[48.05,28.538],[47.872,28.535],[47.671,28.533],[47.583,28.628],[47.553,28.732],[47.521,28.838],[47.433,28.99],[47.139,29.026],[46.982,29.046],[46.725,29.075],[46.531,29.096]]}},{"type":"Feature","properties":{},"geometry":{"type":"LineString","coordinates":[[44.765,37.142],[44.765,37.135],[44.798,37.064],[44.881,36.799],[44.928,36.766],[44.981,36.738],[45.019,36.698],[45.034,36.659],[45.029,36.598],[45.031,36.526],[45.053,36.472],[45.084,36.43],[45.112,36.409],[45.155,36.407],[45.207,36.397],[45.241,36.356],[45.351,36.055],[45.362,36.015],[45.408,36.003],[45.484,36.009],[45.562,35.977],[45.645,35.928],[45.723,35.837],[45.776,35.822],[45.941,35.835],[46.167,35.821],[46.273,35.773],[46.262,35.744],[46.181,35.711],[46.037,35.673],[45.995,35.608],[45.971,35.524],[45.975,35.477],[46.011,35.425],[46.112,35.322],[46.118,35.284],[46.136,35.232],[46.155,35.197],[46.134,35.128],[46.042,35.08],[45.921,35.029],[45.678,34.798],[45.66,34.749],[45.662,34.613],[45.637,34.574],[45.561,34.575],[45.501,34.582],[45.498,34.534],[45.459,34.47],[45.438,34.415],[45.527,34.285],[45.543,34.216],[45.529,34.153],[45.446,34.044],[45.397,33.971],[45.409,33.955],[45.473,33.925],[45.674,33.687],[45.738,33.603],[45.823,33.625],[45.854,33.623],[45.879,33.61],[45.895,33.582],[45.895,33.546],[45.873,33.492],[45.981,33.47],[46.02,33.416],[46.146,33.23],[46.141,33.174],[46.081,33.087],[46.08,33.028],[46.093,32.976],[46.113,32.958],[46.298,32.95],[46.377,32.929],[46.57,32.834],[46.789,32.688],[46.969,32.568],[47.121,32.467],[47.285,32.474],[47.33,32.456],[47.371,32.424],[47.418,32.34],[47.512,32.151],[47.591,32.088],[47.715,31.936],[47.83,31.794],[47.754,31.601],[47.679,31.401],[47.679,31.142],[47.679,31.002],[47.836,30.996],[48.011,30.99],[48.012,30.824],[48.013,30.656],[48.015,30.466],[48.066,30.458],[48.148,30.417],[48.182,30.355],[48.226,30.321],[48.279,30.316],[48.331,30.285],[48.383,30.23],[48.401,30.188],[48.388,30.16],[48.399,30.11],[48.435,30.038],[48.479,30.004],[48.547,29.962]]}},{"type":"Feature","properties":{},"geometry":{"type":"LineString","coordinates":[[9.519,30.229],[9.421,30.179],[9.31,30.115],[9.391,29.994],[9.546,29.796],[9.64,29.636],[9.673,29.567],[9.746,29.369],[9.805,29.177],[9.821,29.115],[9.843,28.967],[9.816,28.56],[9.858,28.043],[9.916,27.786],[9.825,27.553],[9.748,27.331],[9.753,27.219],[9.795,27.045],[9.837,26.916],[9.894,26.848],[9.883,26.631],[9.859,26.552],[9.685,26.438],[9.491,26.334],[9.438,26.246],[9.422,26.147],[9.448,26.067],[9.581,25.89],[9.781,25.624],[10.001,25.332],[10.019,25.259],[10.028,25.051],[10.12,24.79],[10.219,24.676],[10.256,24.591],[10.326,24.53],[10.396,24.486],[10.439,24.48],[10.686,24.551],[11.108,24.434],[11.508,24.314],[11.537,24.291],[11.624,24.14],[11.767,23.893],[11.873,23.695],[11.968,23.518]]}},{"type":"Feature","properties":{},"geometry":{"type":"LineString","coordinates":[[-13.729,12.674],[-14.065,12.675],[-14.349,12.676],[-14.708,12.678],[-14.961,12.679],[-15.196,12.68],[-15.378,12.589],[-15.575,12.49],[-15.84,12.438],[-16.144,12.457],[-16.242,12.443],[-16.342,12.4],[-16.416,12.368],[-16.521,12.349],[-16.657,12.364],[-16.712,12.355]]}},{"type":"Feature","properties":{},"geometry":{"type":"LineString","coordinates":[[-11.389,12.404],[-11.457,12.418],[-11.574,12.426],[-11.808,12.387],[-11.889,12.403],[-12.042,12.398],[-12.152,12.377],[-12.291,12.328],[-12.399,12.34],[-12.457,12.378],[-12.534,12.376],[-12.621,12.396],[-12.713,12.433],[-12.797,12.452],[-12.888,12.52],[-12.931,12.532],[-12.961,12.514],[-12.986,12.492],[-13.012,12.478],[-13.061,12.49],[-13.08,12.536],[-13.064,12.581],[-13.06,12.615],[-13.083,12.634],[-13.138,12.64],[-13.228,12.64],[-13.373,12.654],[-13.406,12.662],[-13.729,12.674]]}},{"type":"Feature","properties":{},"geometry":{"type":"LineString","coordinates":[[0.9,10.993],[0.643,10.983],[0.549,10.955],[0.493,10.955],[0.491,10.978],[0.484,10.992],[0.159,11.07],[-0.069,11.116]]}},{"type":"Feature","properties":{},"geometry":{"type":"LineString","coordinates":[[-17.048,20.806],[-17.064,20.899],[-17.042,21.008],[-17.006,21.142],[-16.965,21.329],[-16.836,21.329],[-16.607,21.33],[-16.378,21.33],[-16.148,21.33],[-15.919,21.33],[-15.69,21.331],[-15.461,21.331],[-15.231,21.331],[-15.002,21.332],[-14.773,21.332],[-14.543,21.332],[-14.314,21.332],[-14.085,21.333],[-13.855,21.333],[-13.626,21.333],[-13.397,21.334],[-13.167,21.334],[-13.016,21.334],[-13.025,21.467],[-13.032,21.572],[-13.042,21.714],[-13.051,21.855],[-13.061,21.996],[-13.07,22.128],[-13.078,22.26],[-13.087,22.383],[-13.094,22.496],[-13.107,22.561],[-13.156,22.689],[-13.166,22.753],[-13.153,22.821],[-13.121,22.884],[-13.031,23.0],[-12.896,23.09],[-12.74,23.193],[-12.62,23.271],[-12.559,23.291],[-12.373,23.318],[-12.226,23.377],[-12.083,23.435],[-12.023,23.468],[-12.016,23.576],[-12.016,23.698],[-12.016,23.834],[-12.016,23.97],[-12.016,24.106],[-12.016,24.242],[-12.016,24.379],[-12.016,24.515],[-12.016,24.651],[-12.016,24.787],[-12.016,24.923],[-12.016,25.059],[-12.016,25.196],[-12.016,25.332],[-12.016,25.468],[-12.016,25.604],[-12.016,25.74],[-12.016,25.876],[-12.016,25.995],[-11.867,25.995],[-11.68,25.995],[-11.494,25.995],[-11.308,25.995],[-11.121,25.995],[-10.935,25.995],[-10.749,25.995],[-10.562,25.995],[-10.376,25.995],[-10.19,25.995],[-10.003,25.995],[-9.817,25.995],[-9.631,25.995],[-9.445,25.996],[-9.258,25.996],[-9.072,25.996],[-8.886,25.996],[-8.682,25.996],[-8.682,26.109],[-8.682,26.273],[-8.682,26.498],[-8.683,26.723],[-8.683,26.921],[-8.683,27.119],[-8.683,27.286]]}},{"type":"Feature","properties":{},"geometry":{"type":"LineString","coordinates":[[-8.683,27.286],[-8.495,27.175],[-8.307,27.065],[-8.119,26.954],[-7.931,26.844],[-7.743,26.733],[-7.555,26.622],[-7.367,26.512],[-7.179,26.401],[-6.991,26.291],[-6.803,26.18],[-6.615,26.069],[-6.427,25.959],[-6.239,25.848],[-6.051,25.738],[-5.863,25.627],[-5.675,25.516],[-5.517,25.424],[-5.275,25.275],[-5.05,25.135],[-4.823,24.996]]}},{"type":"Feature","properties":{},"geometry":{"type":"LineString","coordinates":[[-8.683,27.656],[-8.683,27.9],[-8.683,28.112],[-8.683,28.324],[-8.683,28.469],[-8.683,28.621],[-8.678,28.689],[-8.66,28.719],[-8.558,28.768],[-8.399,28.88],[-8.34,28.93],[-8.265,28.981],[-7.999,29.132],[-7.944,29.175],[-7.685,29.35],[-7.625,29.375],[-7.486,29.392],[-7.428,29.425],[-7.35,29.495],[-7.235,29.575],[-7.16,29.613],[-7.142,29.62],[-7.095,29.625],[-6.856,29.602],[-6.755,29.584],[-6.635,29.569],[-6.598,29.579],[-6.566,29.604],[-6.521,29.66],[-6.511,29.726],[-6.508,29.784],[-6.501,29.809],[-6.48,29.82],[-6.428,29.816],[-6.358,29.808],[-6.215,29.811],[-6.167,29.819],[-6.004,29.831],[-5.775,29.869],[-5.593,29.918],[-5.449,29.957],[-5.294,30.059],[-5.18,30.166],[-5.062,30.326],[-4.968,30.465],[-4.779,30.552],[-4.62,30.605],[-4.529,30.626],[-4.323,30.699],[-4.149,30.81],[-3.985,30.914],[-3.86,30.927],[-3.702,30.944],[-3.667,30.964],[-3.627,31.001],[-3.625,31.066],[-3.673,31.111],[-3.73,31.135],[-3.771,31.162],[-3.812,31.167],[-3.833,31.198],[-3.821,31.255],[-3.815,31.309],[-3.789,31.362],[-3.796,31.437],[-3.837,31.512],[-3.85,31.566],[-3.847,31.62],[-3.827,31.662],[-3.768,31.69],[-3.7,31.7],[-3.605,31.687],[-3.44,31.705],[-3.017,31.834],[-2.988,31.874],[-2.961,31.964],[-2.931,32.043],[-2.887,32.069],[-2.863,32.075],[-2.723,32.096],[-2.523,32.126],[-2.448,32.13],[-2.231,32.121],[-2.073,32.115],[-1.817,32.105],[-1.635,32.1],[-1.477,32.095],[-1.275,32.089]]}},{"type":"Feature","properties":{},"geometry":{"type":"LineString","coordinates":[[-8.683,27.286],[-8.683,27.49],[-8.683,27.656]]}},{"type":"Feature","properties":{},"geometry":{"type":"LineString","coordinates":[[-12.281,14.809],[-12.303,14.817],[-12.409,14.889],[-12.46,14.975],[-12.544,15.039],[-12.66,15.082],[-12.735,15.131],[-12.77,15.187],[-12.813,15.224],[-12.859,15.243],[-12.863,15.262],[-12.852,15.29],[-12.863,15.34],[-12.931,15.453],[-12.994,15.505],[-13.049,15.497],[-13.079,15.51],[-13.098,15.535],[-13.105,15.572],[-13.142,15.603],[-13.206,15.617],[-13.258,15.7],[-13.297,15.854],[-13.348,15.973],[-13.41,16.059],[-13.454,16.091],[-13.487,16.097],[-13.498,16.11],[-13.507,16.135],[-13.556,16.144],[-13.624,16.118],[-13.685,16.127],[-13.715,16.169],[-13.757,16.173],[-13.81,16.138],[-13.868,16.148],[-13.933,16.203],[-13.968,16.257],[-13.975,16.311],[-14.086,16.419],[-14.3,16.58],[-14.534,16.656],[-14.787,16.646],[-14.929,16.654],[-14.96,16.679],[-14.991,16.677],[-15.022,16.647],[-15.055,16.641],[-15.091,16.657],[-15.113,16.645],[-15.121,16.604],[-15.211,16.583],[-15.38,16.582],[-15.517,16.557],[-15.621,16.507],[-15.768,16.485],[-15.959,16.492],[-16.074,16.51],[-16.113,16.54],[-16.168,16.547],[-16.239,16.531],[-16.302,16.451],[-16.358,16.307],[-16.404,16.225],[-16.441,16.205],[-16.48,16.097],[-16.502,15.917],[-16.535,15.838]]}},{"type":"Feature","properties":{},"geometry":{"type":"LineString","coordinates":[[-4.823,24.996],[-5.173,24.995],[-5.641,24.995],[-5.96,24.995],[-6.287,24.995],[-6.594,24.995],[-6.567,24.767],[-6.539,24.518],[-6.51,24.269],[-6.482,24.021],[-6.454,23.772],[-6.425,23.523],[-6.397,23.275],[-6.368,23.026],[-6.34,22.777],[-6.311,22.529],[-6.283,22.28],[-6.254,22.032],[-6.226,21.783],[-6.197,21.534],[-6.169,21.286],[-6.14,21.037],[-6.112,20.788],[-6.083,20.54],[-6.055,20.291],[-6.026,20.042],[-5.998,19.794],[-5.969,19.545],[-5.941,19.296],[-5.913,19.048],[-5.884,18.799],[-5.856,18.55],[-5.827,18.302],[-5.799,18.053],[-5.77,17.804],[-5.742,17.556],[-5.713,17.307],[-5.685,17.058],[-5.656,16.81],[-5.629,16.569],[-5.51,16.442],[-5.36,16.283],[-5.404,16.058],[-5.456,15.789],[-5.513,15.496],[-5.724,15.496],[-5.928,15.496],[-6.132,15.496],[-6.336,15.496],[-6.54,15.496],[-6.744,15.496],[-6.948,15.496],[-7.152,15.496],[-7.355,15.496],[-7.559,15.496],[-7.763,15.496],[-7.967,15.496],[-8.171,15.496],[-8.375,15.496],[-8.579,15.496],[-8.783,15.496],[-8.987,15.496],[-9.177,15.496],[-9.294,15.503],[-9.335,15.526],[-9.351,15.677],[-9.385,15.668],[-9.427,15.623],[-9.448,15.575],[-9.44,15.512],[-9.447,15.458],[-9.578,15.437],[-9.755,15.401],[-9.941,15.374],[-10.13,15.384],[-10.194,15.396],[-10.262,15.416],[-10.412,15.438],[-10.493,15.44],[-10.587,15.435],[-10.697,15.423],[-10.732,15.395],[-10.815,15.282],[-10.896,15.15],[-10.948,15.151],[-11.007,15.223],[-11.169,15.359],[-11.366,15.537],[-11.455,15.625],[-11.503,15.637],[-11.597,15.573],[-11.676,15.512],[-11.76,15.426],[-11.798,15.343],[-11.829,15.245],[-11.842,15.129],[-11.873,14.995],[-11.941,14.887],[-12.022,14.805],[-12.082,14.766],[-12.105,14.745],[-12.281,14.809]]}},{"type":"Feature","properties":{},"geometry":{"type":"LineString","coordinates":[[4.228,19.143],[3.91,19.084],[3.683,19.042],[3.439,18.996],[3.401,18.988],[3.356,18.987],[3.323,18.988],[3.256,19.013],[3.174,19.073],[3.12,19.103],[3.106,19.15],[3.138,19.212],[3.177,19.268],[3.192,19.312],[3.22,19.345],[3.254,19.373],[3.256,19.411],[3.227,19.474],[3.202,19.56],[3.203,19.718],[3.203,19.771],[3.204,19.79],[3.13,19.85],[2.993,19.917],[2.866,19.956],[2.808,19.969],[2.668,19.993],[2.474,20.035],[2.406,20.064],[2.281,20.21],[2.219,20.248],[1.929,20.273],[1.832,20.297],[1.753,20.332],[1.685,20.378],[1.647,20.459],[1.636,20.524],[1.611,20.556],[1.29,20.714],[1.209,20.767],[1.166,20.817],[1.164,20.891],[1.173,20.982],[1.159,21.062],[1.146,21.102],[0.999,21.198],[0.672,21.412],[0.344,21.626],[0.017,21.84],[-0.311,22.054],[-0.638,22.268],[-0.965,22.482],[-1.293,22.697],[-1.62,22.911],[-1.948,23.125],[-2.275,23.339],[-2.603,23.553],[-2.93,23.767],[-3.258,23.981],[-3.585,24.195],[-3.913,24.409],[-4.24,24.624],[-4.517,24.805],[-4.823,24.996]]}},{"type":"Feature","properties":{},"geometry":{"type":"LineString","coordinates":[[4.228,19.143],[4.446,19.185],[4.671,19.228],[5.001,19.291],[5.359,19.36],[5.748,19.434],[5.837,19.479],[6.131,19.732],[6.263,19.846],[6.527,20.073],[6.731,20.248],[6.989,20.471],[7.263,20.694],[7.482,20.873],[7.825,21.076],[8.343,21.381],[8.861,21.686],[9.379,21.991],[9.897,22.297],[10.414,22.602],[10.932,22.907],[11.45,23.213],[11.968,23.518]]}},{"type":"Feature","properties":{},"geometry":{"type":"LineString","coordinates":[[9.519,30.229],[9.458,30.465],[9.406,30.667],[9.363,30.833],[9.288,31.125],[9.224,31.374],[9.16,31.621],[9.102,31.846],[9.044,32.072],[9.019,32.105],[8.844,32.212],[8.683,32.31],[8.515,32.422],[8.333,32.544],[8.304,32.696],[8.211,32.927],[8.113,33.055],[8.076,33.089],[7.877,33.172],[7.763,33.233],[7.731,33.269],[7.709,33.362],[7.628,33.549],[7.534,33.718],[7.5,33.832],[7.496,33.977],[7.514,34.081],[7.555,34.125],[7.748,34.254],[7.838,34.41],[7.949,34.469],[8.046,34.513],[8.123,34.564],[8.193,34.646],[8.246,34.734],[8.255,34.829],[8.277,34.979],[8.312,35.085],[8.394,35.204],[8.36,35.3],[8.316,35.403],[8.329,35.582],[8.318,35.655],[8.283,35.719],[8.247,35.802],[8.246,35.871],[8.28,36.051],[8.307,36.189],[8.349,36.368],[8.334,36.418],[8.303,36.456],[8.209,36.495],[8.208,36.519],[8.231,36.545],[8.37,36.632],[8.444,36.761],[8.507,36.788],[8.601,36.834],[8.598,36.884],[8.577,36.937]]}},{"type":"Feature","properties":{},"geometry":{"type":"LineString","coordinates":[[23.98,19.497],[23.501,19.733],[23.022,19.97],[22.543,20.206],[22.064,20.443],[21.585,20.68],[21.106,20.916],[20.627,21.153],[20.148,21.389],[19.669,21.626],[19.189,21.862],[18.71,22.099],[18.231,22.336],[17.752,22.572],[17.273,22.809],[16.794,23.045],[16.315,23.282],[15.984,23.445],[15.627,23.286],[15.347,23.161],[14.978,22.996]]}},{"type":"Feature","properties":{},"geometry":{"type":"LineString","coordinates":[[24.98,21.996],[24.98,21.498],[24.98,20.999],[24.98,20.501],[24.98,20.003],[24.976,20.001],[24.973,19.999],[24.97,19.997],[24.967,19.995],[24.72,19.996],[24.474,19.996],[24.227,19.996],[23.98,19.996],[23.98,19.871],[23.98,19.746],[23.98,19.621],[23.98,19.497]]}},{"type":"Feature","properties":{},"geometry":{"type":"LineString","coordinates":[[25.15,31.655],[25.112,31.627],[25.057,31.567],[25.023,31.514],[24.93,31.427],[24.853,31.335],[24.86,31.199],[24.878,31.061],[24.929,30.926],[24.974,30.777],[24.961,30.679],[24.923,30.558],[24.878,30.458],[24.726,30.251],[24.703,30.201],[24.712,30.132],[24.804,29.886],[24.811,29.809],[24.866,29.57],[24.916,29.376],[24.972,29.224],[24.98,29.182],[24.98,28.957],[24.98,28.733],[24.98,28.508],[24.98,28.284],[24.98,28.059],[24.98,27.835],[24.98,27.61],[24.98,27.385],[24.98,27.161],[24.98,26.936],[24.98,26.712],[24.98,26.487],[24.98,26.263],[24.98,26.038],[24.98,25.813],[24.98,25.589],[24.98,25.364],[24.98,25.14],[24.98,24.915],[24.98,24.691],[24.98,24.466],[24.98,24.242],[24.98,24.017],[24.98,23.792],[24.98,23.568],[24.98,23.343],[24.98,23.119],[24.98,22.894],[24.98,22.67],[24.98,22.445],[24.98,22.22],[24.98,21.996]]}},{"type":"Feature","properties":{},"geometry":{"type":"LineString","coordinates":[[22.86,10.92],[22.895,11.029],[22.938,11.192],[22.943,11.267],[22.923,11.345],[22.849,11.403],[22.783,11.41],[22.754,11.44],[22.697,11.483],[22.641,11.516],[22.591,11.58],[22.556,11.67],[22.581,11.99],[22.564,12.033],[22.49,12.045],[22.472,12.068],[22.475,12.129],[22.435,12.312],[22.39,12.463],[22.414,12.546],[22.352,12.66],[22.233,12.709],[22.121,12.695],[22.001,12.672],[21.928,12.678],[21.878,12.699],[21.843,12.741],[21.825,12.791],[21.842,12.865],[21.908,13.001],[21.99,13.113],[22.158,13.215],[22.203,13.269],[22.228,13.33],[22.233,13.399],[22.221,13.472],[22.202,13.538],[22.153,13.626],[22.108,13.73],[22.106,13.8],[22.128,13.85],[22.173,13.911],[22.262,13.979],[22.283,13.992],[22.339,14.029],[22.388,14.056],[22.51,14.127],[22.539,14.162],[22.528,14.203],[22.498,14.237],[22.449,14.284],[22.439,14.342],[22.425,14.441],[22.4,14.504],[22.382,14.55],[22.416,14.585],[22.468,14.633],[22.532,14.663],[22.632,14.688],[22.671,14.722],[22.682,14.789],[22.679,14.851],[22.715,14.898],[22.763,14.999],[22.802,15.044],[22.867,15.097],[22.932,15.162],[22.961,15.238],[22.969,15.311],[22.934,15.533],[23.009,15.626],[23.105,15.703],[23.243,15.697],[23.458,15.714],[23.604,15.746],[23.708,15.745],[23.946,15.704],[23.965,15.713],[23.971,15.722],[23.983,15.78],[23.983,15.928],[23.983,16.374],[23.983,16.82],[23.982,17.266],[23.982,17.712],[23.981,18.158],[23.981,18.605],[23.981,19.051],[23.98,19.497]]}},{"type":"Feature","properties":{},"geometry":{"type":"LineString","coordinates":[[24.98,21.996],[25.362,21.996],[25.744,21.996],[26.126,21.996],[26.508,21.996],[26.89,21.996],[27.272,21.996],[27.654,21.995],[28.036,21.995],[28.419,21.995],[28.801,21.995],[29.183,21.995],[29.565,21.995],[29.947,21.995],[30.329,21.995],[30.711,21.995],[31.093,21.995],[31.209,21.995],[31.261,22.002],[31.359,22.189],[31.4,22.202],[31.464,22.191],[31.486,22.148],[31.466,22.085],[31.434,21.996],[31.622,21.996],[31.95,21.996],[32.278,21.996],[32.606,21.996],[32.934,21.996],[33.262,21.996],[33.59,21.996],[33.918,21.996],[34.247,21.996],[34.575,21.996],[34.903,21.996],[35.231,21.996],[35.559,21.996],[35.887,21.997],[36.215,21.997],[36.543,21.997],[36.871,21.997]]}},{"type":"Feature","properties":{},"geometry":{"type":"LineString","coordinates":[[42.923,10.999],[42.906,10.96],[42.863,10.903],[42.81,10.846],[42.763,10.787],[42.66,10.621],[42.656,10.6],[42.669,10.568],[42.725,10.492],[42.784,10.37],[42.816,10.257],[42.842,10.203],[42.912,10.141],[43.015,10.013],[43.069,9.926],[43.182,9.88],[43.218,9.77],[43.303,9.609],[43.394,9.48],[43.483,9.379],[43.581,9.341],[43.621,9.337],[43.827,9.151],[43.984,9.009],[44.023,8.986],[44.306,8.893],[44.632,8.786],[44.894,8.7],[45.227,8.591],[45.555,8.483],[45.863,8.38],[46.296,8.235],[46.645,8.118],[46.92,8.026],[46.978,7.997],[47.306,7.997],[47.638,7.997],[47.978,7.997]]}},{"type":"Feature","properties":{},"geometry":{"type":"LineString","coordinates":[[0.9,10.993],[0.875,10.886],[0.822,10.753],[0.787,10.71],[0.763,10.387],[0.78,10.36],[0.792,10.352],[0.958,10.242],[1.176,10.098],[1.33,9.997],[1.343,9.963],[1.345,9.75],[1.347,9.568],[1.379,9.463],[1.386,9.362],[1.424,9.285],[1.566,9.137],[1.6,9.05],[1.604,8.771],[1.607,8.559],[1.625,8.271],[1.625,8.03],[1.625,7.726],[1.625,7.369],[1.625,6.997],[1.531,6.992],[1.582,6.877],[1.591,6.772],[1.603,6.738],[1.578,6.687],[1.599,6.61],[1.639,6.582],[1.743,6.426],[1.778,6.295],[1.611,6.251],[1.623,6.217]]}},{"type":"Feature","properties":{},"geometry":{"type":"LineString","coordinates":[[42.799,16.372],[42.986,16.509],[43.034,16.55],[43.061,16.587],[43.105,16.664],[43.165,16.689],[43.186,16.771],[43.184,16.812],[43.146,16.847],[43.116,16.942],[43.126,17.062],[43.136,17.113],[43.156,17.205],[43.221,17.239],[43.237,17.266],[43.186,17.325],[43.191,17.359],[43.302,17.457],[43.346,17.486],[43.418,17.516],[43.474,17.516],[43.539,17.499],[43.597,17.471],[43.653,17.422],[43.713,17.366],[43.804,17.344],[43.866,17.35],[43.917,17.325],[43.96,17.338],[44.008,17.367],[44.086,17.366],[44.156,17.399],[44.355,17.414],[44.546,17.404],[44.747,17.432],[44.946,17.43],[45.148,17.427],[45.193,17.423],[45.237,17.406],[45.407,17.32],[45.535,17.302],[45.794,17.278],[46.071,17.253],[46.31,17.231],[46.513,17.252],[46.682,17.269],[46.728,17.266],[46.779,17.212],[46.88,17.079],[46.976,16.953],[47.144,16.947],[47.251,16.994],[47.37,17.06],[47.442,17.112],[47.525,17.316],[47.58,17.448],[47.704,17.597],[47.808,17.721],[47.946,17.886],[48.022,17.977],[48.172,18.157],[48.316,18.227],[48.593,18.362],[48.865,18.495],[49.042,18.582],[49.192,18.621],[49.445,18.655],[49.742,18.695],[50.0,18.73]]}},{"type":"Feature","properties":{},"geometry":{"type":"LineString","coordinates":[[42.359,37.109],[42.359,37.095],[42.35,37.061],[42.237,36.961],[42.084,36.826],[41.974,36.741],[41.789,36.597],[41.65,36.566],[41.417,36.515],[41.354,36.464],[41.296,36.383],[41.262,36.272],[41.252,36.203],[41.246,36.073],[41.3,35.939],[41.353,35.81],[41.359,35.725],[41.354,35.64],[41.303,35.551],[41.248,35.428],[41.216,35.288],[41.2,35.027],[41.199,34.805],[41.195,34.769],[41.099,34.612],[40.987,34.429],[40.935,34.387],[40.689,34.332],[40.422,34.198],[40.122,34.048],[39.85,33.911],[39.564,33.768],[39.268,33.62],[39.057,33.514],[38.774,33.372]]}},{"type":"Feature","properties":{},"geometry":{"type":"LineString","coordinates":[[35.787,32.735],[35.895,32.714],[35.956,32.667],[36.059,32.534],[36.22,32.495],[36.284,32.457],[36.372,32.387],[36.479,32.361],[36.818,32.317],[37.089,32.466],[37.318,32.591],[37.577,32.733],[37.754,32.83],[38.056,32.995],[38.254,33.099],[38.516,33.237],[38.774,33.372]]}},{"type":"Feature","properties":{},"geometry":{"type":"LineString","coordinates":[[35.611,32.682],[35.734,32.729],[35.787,32.735]]}},{"type":"Feature","properties":{},"geometry":{"type":"LineString","coordinates":[[39.145,32.124],[39.293,32.244],[39.247,32.351],[39.14,32.331],[39.041,32.306],[38.982,32.473],[39.058,32.493],[38.987,32.711],[38.915,32.935],[38.845,33.151],[38.774,33.372]]}},{"type":"Feature","properties":{},"geometry":{"type":"LineString","coordinates":[[34.951,29.354],[35.164,29.321],[35.339,29.294],[35.595,29.255],[35.86,29.214],[36.015,29.19],[36.068,29.201],[36.283,29.355],[36.476,29.495],[36.592,29.666],[36.704,29.832],[36.755,29.866],[36.927,29.897],[37.199,29.946],[37.469,29.995],[37.491,30.012],[37.554,30.145],[37.634,30.313],[37.65,30.331],[37.67,30.348],[37.863,30.443],[37.98,30.5],[37.813,30.669],[37.656,30.829],[37.479,31.008],[37.329,31.147],[37.105,31.355],[36.959,31.492],[37.216,31.556],[37.493,31.626],[37.774,31.696],[38.111,31.781],[38.376,31.847],[38.77,31.946],[38.962,31.995],[38.997,32.007],[39.145,32.124]]}},{"type":"Feature","properties":{},"geometry":{"type":"LineString","coordinates":[[46.531,29.096],[46.356,29.064],[45.95,29.096],[45.499,29.132],[45.05,29.167],[44.716,29.194],[44.691,29.202],[44.361,29.435],[44.1,29.619],[43.774,29.849],[43.441,30.084],[43.103,30.322],[42.858,30.495],[42.56,30.718],[42.289,30.92],[42.074,31.08],[41.8,31.22],[41.585,31.33],[41.272,31.489],[41.022,31.616],[40.808,31.725],[40.479,31.893],[40.369,31.939],[40.028,31.995],[39.704,32.043],[39.369,32.092],[39.145,32.124]]}},{"type":"Feature","properties":{},"geometry":{"type":"LineString","coordinates":[[13.606,13.705],[13.506,14.134],[13.448,14.381],[13.514,14.456],[13.642,14.631],[13.807,14.966],[14.178,15.485],[14.368,15.75],[14.747,16.147],[15.212,16.634],[15.474,16.908],[15.517,17.408],[15.562,17.937],[15.596,18.337],[15.638,18.811],[15.673,19.207],[15.699,19.495],[15.735,19.904],[15.766,19.983],[15.949,20.303],[15.963,20.346],[15.929,20.4],[15.668,20.672],[15.587,20.733],[15.54,20.875],[15.607,20.954],[15.294,21.412],[15.216,21.467],[15.182,21.523],[15.178,21.606],[15.172,21.922],[15.089,22.418],[14.979,22.996]]}},{"type":"Feature","properties":{},"geometry":{"type":"LineString","coordinates":[[11.968,23.518],[12.489,23.402],[12.984,23.291],[13.481,23.18],[13.599,23.12],[13.863,22.902],[14.201,22.624],[14.216,22.62],[14.231,22.618],[14.556,22.783],[14.979,22.996]]}},{"type":"Feature","properties":{},"geometry":{"type":"LineString","coordinates":[[0.217,14.911],[0.229,14.964],[0.286,14.98],[0.433,14.979],[0.719,14.955],[0.947,14.982],[0.96,14.987],[1.121,15.126],[1.3,15.272],[1.569,15.286],[1.859,15.302],[2.088,15.309],[2.421,15.32],[2.69,15.33],[3.001,15.341],[3.01,15.408],[3.029,15.425],[3.06,15.427],[3.289,15.391],[3.504,15.356],[3.521,15.483],[3.71,15.642],[3.817,15.674],[3.843,15.702],[3.877,15.755],[3.898,15.838],[3.907,15.897],[3.947,15.946],[3.976,16.036],[4.015,16.193],[4.121,16.358],[4.182,16.582],[4.191,16.798],[4.203,16.963],[4.235,16.996],[4.234,17.288],[4.233,17.582],[4.232,17.831],[4.231,18.139],[4.23,18.411],[4.229,18.704],[4.228,18.968],[4.228,19.143]]}},{"type":"Feature","properties":{},"geometry":{"type":"LineString","coordinates":[[-0.069,11.116],[-0.299,11.167],[-0.313,11.119],[-0.346,11.088],[-0.396,11.086],[-0.43,11.093],[-0.454,11.056],[-0.492,11.008],[-0.545,10.984],[-0.598,10.954],[-0.627,10.927],[-0.649,10.927],[-0.701,10.989],[-0.772,10.995],[-0.903,10.985],[-0.962,11.002],[-1.042,11.01],[-1.233,10.997],[-1.537,11.023],[-1.586,11.009],[-1.6,10.998],[-1.901,10.995],[-2.232,10.991],[-2.509,10.989],[-2.752,10.986],[-2.752,10.997],[-2.83,10.998],[-2.839,10.977],[-2.907,10.728],[-2.915,10.592],[-2.878,10.508],[-2.837,10.455],[-2.791,10.432],[-2.787,10.402],[-2.823,10.363],[-2.82,10.323],[-2.777,10.282],[-2.767,10.238],[-2.788,10.193],[-2.783,10.083],[-2.751,9.91],[-2.75,9.797],[-2.781,9.746],[-2.766,9.658],[-2.706,9.534],[-2.696,9.481]]}},{"type":"Feature","properties":{},"geometry":{"type":"LineString","coordinates":[[-13.293,9.049],[-13.234,9.07],[-13.178,9.061],[-13.13,9.048],[-13.077,9.07],[-13.028,9.104],[-12.999,9.147],[-12.959,9.263],[-12.831,9.302],[-12.756,9.374],[-12.684,9.484],[-12.652,9.562],[-12.622,9.601],[-12.604,9.634],[-12.59,9.671],[-12.558,9.705],[-12.524,9.787],[-12.501,9.862],[-12.428,9.898],[-12.278,9.93],[-12.142,9.875],[-11.923,9.923],[-11.911,9.993],[-11.71,9.994],[-11.472,9.995],[-11.274,9.997],[-11.206,9.978],[-11.181,9.925],[-11.116,9.843],[-11.047,9.786],[-10.963,9.662],[-10.865,9.516],[-10.759,9.385],[-10.691,9.314],[-10.683,9.289],[-10.688,9.261],[-10.721,9.194],[-10.75,9.122],[-10.747,9.095],[-10.727,9.082],[-10.616,9.059],[-10.606,8.979],[-10.606,8.868],[-10.552,8.764],[-10.501,8.688],[-10.503,8.66],[-10.628,8.53],[-10.677,8.401],[-10.702,8.364],[-10.712,8.335],[-10.687,8.322],[-10.653,8.33],[-10.604,8.319],[-10.558,8.316],[-10.496,8.362],[-10.394,8.481],[-10.36,8.496],[-10.283,8.485]]}},{"type":"Feature","properties":{},"geometry":{"type":"LineString","coordinates":[[5.79,49.538],[5.823,49.505],[5.901,49.49],[5.929,49.478],[5.959,49.455],[6.011,49.445],[6.074,49.455],[6.12,49.485],[6.181,49.499],[6.242,49.494],[6.277,49.478],[6.344,49.453]]}},{"type":"Feature","properties":{},"geometry":{"type":"LineString","coordinates":[[45.504,40.665],[45.479,40.648],[45.479,40.607],[45.514,40.6],[45.552,40.616],[45.562,40.649],[45.534,40.664],[45.504,40.665]]}},{"type":"Feature","properties":{},"geometry":{"type":"LineString","coordinates":[[44.994,41.086],[44.961,41.079],[44.959,41.053],[44.969,41.027],[45.002,41.016],[45.024,41.027],[45.029,41.054],[45.021,41.078],[44.994,41.086]]}},{"type":"Feature","properties":{},"geometry":{"type":"LineString","coordinates":[[12.441,43.982],[12.397,43.935],[12.426,43.894],[12.485,43.901],[12.515,43.953],[12.504,43.99],[12.441,43.982]]}},{"type":"Feature","properties":{},"geometry":{"type":"LineString","coordinates":[[26.619,48.26],[26.64,48.294],[26.847,48.387],[26.901,48.372],[27.009,48.368],[27.228,48.371],[27.337,48.433],[27.404,48.416],[27.458,48.443],[27.549,48.478],[27.562,48.47],[27.574,48.465],[27.714,48.449],[27.82,48.416],[27.891,48.365],[27.963,48.334],[28.038,48.321],[28.08,48.296],[28.088,48.257],[28.159,48.238],[28.291,48.239],[28.347,48.213],[28.327,48.161],[28.341,48.144],[28.388,48.162],[28.423,48.147],[28.442,48.109],[28.463,48.091],[28.53,48.15],[28.602,48.144],[28.774,48.12],[28.866,47.996],[28.923,47.951],[28.973,47.933],[29.037,47.952],[29.093,47.975],[29.125,47.965],[29.195,47.882],[29.211,47.775],[29.211,47.732],[29.186,47.659],[29.151,47.581],[29.123,47.53],[29.135,47.49],[29.16,47.456],[29.201,47.444],[29.334,47.376],[29.383,47.328],[29.456,47.293],[29.511,47.291],[29.539,47.271],[29.549,47.247],[29.542,47.186],[29.511,47.128],[29.515,47.091],[29.563,47.048],[29.569,46.997],[29.572,46.964],[29.598,46.939],[29.72,46.883],[29.878,46.829],[29.918,46.782],[29.942,46.724],[29.935,46.625],[29.924,46.539],[30.131,46.423],[30.107,46.402],[30.076,46.378],[29.878,46.36],[29.838,46.351],[29.752,46.438],[29.707,46.449],[29.665,46.417],[29.615,46.399],[29.555,46.408],[29.491,46.435],[29.459,46.454],[29.433,46.456],[29.393,46.437],[29.34,46.445],[29.305,46.467],[29.255,46.393],[29.224,46.377],[29.205,46.379],[29.201,46.505],[29.186,46.524],[29.146,46.527],[29.05,46.497],[28.958,46.458],[28.927,46.424],[28.931,46.362],[28.944,46.288],[29.006,46.176],[28.972,46.128],[28.948,46.05],[28.85,45.979],[28.739,45.937],[28.729,45.852],[28.668,45.794],[28.562,45.736],[28.492,45.666],[28.51,45.618],[28.514,45.572],[28.502,45.542],[28.499,45.518],[28.471,45.507],[28.31,45.499],[28.265,45.484],[28.212,45.45]]}},{"type":"Feature","properties":{},"geometry":{"type":"LineString","coordinates":[[2.389,11.897],[2.413,11.999],[2.363,12.188],[2.366,12.222],[2.469,12.263],[2.598,12.294],[2.648,12.297],[2.681,12.313],[2.729,12.354],[2.805,12.384],[2.85,12.374],[2.878,12.368],[3.15,12.118],[3.267,11.992],[3.299,11.927],[3.36,11.88],[3.45,11.852],[3.532,11.787],[3.595,11.696]]}},{"type":"Feature","properties":{},"geometry":{"type":"LineString","coordinates":[[28.212,45.45],[28.318,45.347],[28.451,45.292],[28.761,45.234],[28.788,45.241],[28.791,45.252],[28.77,45.267],[28.767,45.286],[28.782,45.31],[28.824,45.311],[28.894,45.29],[29.027,45.321],[29.224,45.403],[29.404,45.42],[29.568,45.371],[29.652,45.314],[29.706,45.26]]}},{"type":"Feature","properties":{},"geometry":{"type":"LineString","coordinates":[[21.36,44.827],[21.523,44.79],[21.597,44.755],[21.636,44.71],[21.74,44.681],[21.909,44.666],[22.027,44.62],[22.093,44.542],[22.201,44.561],[22.351,44.676],[22.498,44.706],[22.642,44.651],[22.721,44.606],[22.734,44.57],[22.701,44.556],[22.62,44.562],[22.554,44.54],[22.502,44.49],[22.495,44.435],[22.531,44.378],[22.582,44.338],[22.648,44.316],[22.683,44.286],[22.688,44.248],[22.705,44.238]]}},{"type":"Feature","properties":{},"geometry":{"type":"LineString","coordinates":[[7.439,43.75],[7.437,43.761],[7.414,43.771],[7.395,43.765],[7.38,43.753],[7.378,43.732]]}},{"type":"Feature","properties":{},"geometry":{"type":"LineString","coordinates":[[12.431,41.905],[12.438,41.906],[12.439,41.898],[12.431,41.898],[12.427,41.901],[12.431,41.905]]}},{"type":"Feature","properties":{},"geometry":{"type":"LineString","coordinates":[[-1.275,32.089],[-1.226,32.107],[-1.226,32.165],[-1.262,32.271],[-1.24,32.338],[-1.163,32.399],[-1.066,32.468],[-1.111,32.552],[-1.188,32.608],[-1.296,32.676],[-1.352,32.703],[-1.45,32.785],[-1.51,32.878],[-1.551,33.074],[-1.625,33.183],[-1.679,33.319],[-1.631,33.567],[-1.703,33.717],[-1.714,33.782],[-1.715,33.858],[-1.693,33.99],[-1.707,34.176],[-1.792,34.368],[-1.752,34.433],[-1.733,34.467],[-1.739,34.496],[-1.817,34.557],[-1.85,34.607],[-1.832,34.655],[-1.792,34.723],[-1.796,34.752],[-1.921,34.836],[-2.132,34.971],[-2.191,35.03],[-2.22,35.104]]}},{"type":"Feature","properties":{},"geometry":{"type":"LineString","coordinates":[[29.0,9.61],[29.122,9.675],[29.242,9.718],[29.473,9.769],[29.557,9.848],[29.604,9.921],[29.606,10.065],[29.691,10.122],[29.958,10.25],[30.003,10.277],[30.475,9.979],[30.739,9.743],[30.755,9.731],[30.769,9.727],[30.795,9.746],[30.827,9.756],[30.94,9.759],[31.154,9.771],[31.225,9.799],[31.655,10.221],[31.792,10.383],[31.854,10.479],[31.933,10.662],[32.404,11.058],[32.421,11.089],[32.425,11.114],[32.354,11.247],[32.339,11.315],[32.336,11.419],[32.35,11.58],[32.345,11.683],[32.335,11.716],[32.072,12.007],[32.737,12.01],[32.738,12.034],[32.723,12.093],[32.716,12.139],[32.72,12.189],[32.719,12.219],[33.199,12.217],[33.193,12.135],[33.135,11.942],[33.136,11.826],[33.123,11.693],[33.119,11.682],[33.095,11.638],[33.073,11.591],[33.172,10.85],[33.165,10.819],[33.138,10.773],[33.131,10.758],[33.141,10.738],[33.361,10.658],[33.38,10.646],[33.459,10.551],[33.892,10.199],[33.907,10.181],[33.952,10.071],[33.958,10.028],[33.957,10.007],[33.946,9.941],[33.95,9.911],[33.957,9.891],[33.962,9.856],[33.895,9.718],[33.874,9.627],[33.868,9.55],[33.872,9.506],[33.891,9.462],[34.077,9.462]]}},{"type":"Feature","properties":{},"geometry":{"type":"LineString","coordinates":[[24.147,8.666],[24.16,8.696],[24.214,8.768],[24.3,8.814],[24.532,8.887],[24.545,8.915],[24.549,9.007],[24.568,9.052],[24.648,9.179],[24.659,9.23],[24.663,9.338],[24.674,9.389],[24.697,9.426],[24.76,9.489],[24.783,9.527],[24.792,9.61],[24.785,9.775],[24.795,9.81],[24.818,9.84],[24.964,9.989],[25.003,10.055],[25.016,10.115],[25.015,10.176],[25.024,10.236],[25.067,10.294],[25.104,10.312],[25.212,10.33],[25.285,10.318],[25.749,10.407],[25.798,10.421],[25.858,10.406],[25.885,10.346],[25.883,10.25],[25.891,10.203],[25.919,10.169],[26.001,10.123],[26.057,10.047],[26.087,10.018],[26.17,9.966],[26.551,9.526],[26.659,9.484],[26.763,9.499],[26.97,9.591],[27.074,9.614],[27.8,9.588],[27.881,9.602]]}},{"type":"Feature","properties":{},"geometry":{"type":"LineString","coordinates":[[27.881,9.602],[27.996,9.379],[28.049,9.329],[28.844,9.326],[28.829,9.389],[28.839,9.459],[28.932,9.549],[29.0,9.61]]}},{"type":"Feature","properties":{},"geometry":{"type":"LineString","coordinates":[[33.594,46.096],[33.654,46.146],[33.66,46.22],[33.807,46.208],[34.027,46.107],[34.128,46.09],[34.224,46.101],[34.354,46.062],[34.45,45.966],[34.523,45.977],[34.687,45.977],[34.794,45.892],[34.8,45.791],[34.946,45.729],[35.002,45.733]]}},{"type":"Feature","properties":{},"geometry":{"type":"LineString","coordinates":[[36.694,45.622],[36.691,45.431],[36.659,45.347],[36.615,45.318],[36.589,45.3],[36.636,45.26],[36.617,45.228],[36.509,45.2],[36.537,45.132],[36.597,45.031],[36.612,44.953]]}},{"type":"Feature","properties":{},"geometry":{"type":"LineString","coordinates":[[23.605,51.518],[23.54,51.619],[23.545,51.71],[23.581,51.762],[23.626,51.809],[23.607,51.88],[23.651,51.973],[23.652,52.04],[23.633,52.07],[23.598,52.103],[23.501,52.14],[23.458,52.17],[23.327,52.208],[23.197,52.257],[23.175,52.287],[23.181,52.307],[23.204,52.338],[23.303,52.428],[23.411,52.516],[23.48,52.552],[23.845,52.664],[23.901,52.704],[23.915,52.77],[23.916,52.819],[23.909,52.905],[23.887,53.028],[23.859,53.112],[23.789,53.271],[23.599,53.599],[23.485,53.94]]}},{"type":"Feature","properties":{},"geometry":{"type":"LineString","coordinates":[[34.078,9.461],[34.079,9.513],[34.12,9.73],[34.159,9.853],[34.185,9.919],[34.291,10.125],[34.311,10.191],[34.315,10.252],[34.276,10.528],[34.344,10.659],[34.431,10.788],[34.508,10.843],[34.572,10.88],[34.602,10.865],[34.675,10.805],[34.771,10.746],[34.816,10.759],[34.882,10.811],[34.931,10.865],[34.925,10.962],[34.969,11.162],[34.961,11.277],[35.008,11.42],[35.06,11.621],[35.083,11.748],[35.112,11.817],[35.252,11.957],[35.373,12.156],[35.45,12.301],[35.596,12.537],[35.67,12.624],[35.731,12.661],[35.821,12.685],[35.988,12.706],[36.107,12.726],[36.125,12.757],[36.135,12.805],[36.137,12.911],[36.16,13.093],[36.212,13.271],[36.274,13.406],[36.307,13.467],[36.346,13.526],[36.391,13.626],[36.447,13.842],[36.444,13.988],[36.524,14.257]]}},{"type":"Feature","properties":{},"geometry":{"type":"LineString","coordinates":[[2.389,11.897],[2.363,11.84],[2.287,11.691],[2.231,11.629],[1.98,11.418],[1.858,11.443],[1.6,11.401],[1.561,11.449],[1.501,11.456],[1.427,11.447],[1.4,11.429],[1.392,11.408],[1.365,11.379],[1.317,11.295],[1.28,11.274],[1.235,11.261],[1.179,11.263],[1.146,11.252],[1.145,11.21],[1.136,11.174],[1.098,11.156],[1.082,11.116],[1.085,11.076],[1.062,11.058],[1.014,11.068],[0.985,11.079],[0.958,11.028],[0.925,10.993],[0.9,10.993]]}},{"type":"Feature","properties":{},"geometry":{"type":"LineString","coordinates":[[27.332,5.186],[27.403,5.109],[27.439,5.039],[27.468,5.0]]}},{"type":"Feature","properties":{},"geometry":{"type":"LineString","coordinates":[[22.86,10.92],[22.931,10.795],[22.964,10.752],[23.256,10.458],[23.312,10.388],[23.457,10.174],[23.545,10.03],[23.646,9.823],[23.656,9.71],[23.643,9.614],[23.623,9.341],[23.596,9.262],[23.468,9.115],[23.463,9.048],[23.489,8.993],[23.528,8.971],[23.552,8.943],[23.537,8.816],[23.583,8.766],[23.679,8.732],[23.922,8.71],[24.048,8.691],[24.147,8.666]]}},{"type":"Feature","properties":{},"geometry":{"type":"LineString","coordinates":[[46.114,38.878],[46.17,38.869],[46.318,38.913],[46.491,38.907]]}},{"type":"Feature","properties":{},"geometry":{"type":"MultiLineString","coordinates":[[[44.783,39.685],[44.817,39.65],[44.838,39.629],[45.0,39.424],[45.072,39.363],[45.113,39.312],[45.141,39.254],[45.191,39.216],[45.256,39.195],[45.336,39.139],[45.389,39.096],[45.48,39.006],[45.575,38.973],[45.922,38.908],[46.114,38.878]],[[46.491,38.907],[46.555,38.904],[46.783,39.087],[46.853,39.148],[46.989,39.18],[47.065,39.253],[47.188,39.341],[47.338,39.424],[47.476,39.498],[47.582,39.543],[47.773,39.649],[47.892,39.685],[47.996,39.684],[48.151,39.561],[48.282,39.448],[48.322,39.399],[48.257,39.355],[48.136,39.312],[48.113,39.281],[48.104,39.241],[48.109,39.203],[48.125,39.172],[48.274,39.099],[48.291,39.059],[48.292,39.019],[48.275,38.994],[48.242,38.979],[48.139,38.959],[48.05,38.935],[48.019,38.912],[47.993,38.884],[47.996,38.854],[48.023,38.819],[48.205,38.724],[48.225,38.689],[48.261,38.642],[48.306,38.613],[48.381,38.606],[48.417,38.586],[48.593,38.411],[48.636,38.399],[48.84,38.437],[48.869,38.436]]]}}]}